/*
 Navicat MySQL Data Transfer

 Source Server         : localhost
 Source Server Version : 50713
 Source Host           : localhost
 Source Database       : platform

 Target Server Version : 50713
 File Encoding         : utf-8

 Date: 05/29/2017 21:05:11 PM
*/

SET NAMES utf8;
SET FOREIGN_KEY_CHECKS = 0;

-- ----------------------------
--  Table structure for `sys_menu`
-- ----------------------------
DROP TABLE IF EXISTS `sys_menu`;
CREATE TABLE `sys_menu` (
  `id` int(11) NOT NULL AUTO_INCREMENT,
  `menuName` varchar(12) NOT NULL,
  `url` varchar(255) DEFAULT NULL,
  `status` int(11) DEFAULT NULL COMMENT '0正常1不启用',
  `parentId` int(11) DEFAULT NULL,
  `menuSort` int(11) DEFAULT NULL,
  `icon` varchar(50) DEFAULT NULL,
  PRIMARY KEY (`id`)
) ENGINE=InnoDB AUTO_INCREMENT=18 DEFAULT CHARSET=utf8 COMMENT='菜单表';

-- ----------------------------
--  Records of `sys_menu`
-- ----------------------------
BEGIN;
INSERT INTO `sys_menu` VALUES ('1', '用户管理', 'backstage/system/userManage/index.do', '0', '5', '1', 'icon-users'), ('2', '角色管理', 'backstage/system/roleManage/index.do', '0', '5', '2', 'icon-role'), ('3', '权限管理', 'backstage/system/permissionManage/index.do', '0', '5', '3', 'icon-set'), ('4', '菜单管理', 'backstage/system/menuManage/index.do', '0', '5', '4', 'icon-menu'), ('5', '系统管理', '', '0', null, '1', 'icon-role'), ('6', '导航管理', '', '0', null, '2', 'icon-navigation'), ('7', '导航管理', '/backstage/navigation/navigationManage/index', '0', '6', '1', 'icon-navigation'), ('8', '新闻资讯管理', '', '0', null, '3', 'icon-news'), ('9', '新闻管理', '/backstage/news/newsManage/index', '0', '8', '1', 'icon-news_small'), ('10', '货运价格管理', '', '0', null, '4', 'icon-shipping_freight'), ('11', '货运价格管理', '/backstage/freight/freightManage/index', '0', '10', '1', ''), ('12', '订单管理', '', '0', null, '5', 'icon-order'), ('13', '订单管理', '/backstage/order/orderManage/index', '0', '12', '1', 'icon-order_small'), ('14', '在线下单', '/backstage/onlineOrder/onlineOrderManage/index', '0', '12', '2', 'icon-order_online'), ('15', '公共配置', '', '0', null, '6', 'icon-common'), ('16', '公共配置', '/backstage/common/commonManage/index', '0', '15', '1', 'icon-common'), ('17', '首页导航', '/backstage/news/newsTitleManage/index', '0', '8', '2', 'news_title');
COMMIT;

-- ----------------------------
--  Table structure for `sys_permission`
-- ----------------------------
DROP TABLE IF EXISTS `sys_permission`;
CREATE TABLE `sys_permission` (
  `id` int(11) NOT NULL AUTO_INCREMENT,
  `permissionName` varchar(50) NOT NULL,
  `parentId` int(11) DEFAULT NULL,
  `status` int(11) DEFAULT NULL,
  `permissionCode` varchar(50) NOT NULL,
  PRIMARY KEY (`id`),
  KEY `AK_unique` (`permissionName`)
) ENGINE=InnoDB AUTO_INCREMENT=48 DEFAULT CHARSET=utf8 COMMENT='权限表';

-- ----------------------------
--  Records of `sys_permission`
-- ----------------------------
BEGIN;
INSERT INTO `sys_permission` VALUES ('1', '用户管理', '21', '0', 'user'), ('2', '新增用户', '1', '0', 'user-add'), ('3', '删除用户', '1', '0', 'user-delete'), ('4', '修改用户', '1', '0', 'user-update'), ('5', '设置角色', '6', '0', 'user-setRole'), ('6', '角色管理', '21', '0', 'role'), ('7', '新增角色', '6', '0', 'role-add'), ('8', '修改角色', '6', '0', 'role-update'), ('9', '删除角色', '6', '0', 'role-delete'), ('10', '设置权限', '6', '0', 'role-setPermission'), ('11', '设置菜单', '12', '0', 'role-setMenu'), ('12', '菜单管理', '21', '0', 'menu'), ('13', '新增菜单', '12', '0', 'menu-add'), ('14', '删除菜单', '12', '0', 'menu-delete'), ('15', '修改菜单', '12', '0', 'menu-update'), ('16', '权限管理', '21', '0', 'permission'), ('17', '新增权限', '16', '0', 'permission-add'), ('18', '删除权限', '16', '0', 'permission-delete'), ('19', '修改权限', '16', '0', 'permission-update'), ('20', '角色设置', '1', '0', 'user-setRole'), ('21', '云后台管理系统', '0', '0', 'platform'), ('22', '导航管理', '21', '0', 'navigation'), ('23', '新增导航', '22', '0', 'navigation-add'), ('24', '修改导航', '22', '0', 'navigation-update'), ('25', '删除导航', '22', '0', 'navigation-delete'), ('26', '上线/下线', '22', '0', 'navigation-set'), ('27', '订单管理', '21', '0', 'order'), ('28', '新增订单', '27', '0', 'order-add'), ('29', '删除订单', '27', '0', 'order-delete'), ('30', '修改订单', '27', '0', 'order-update'), ('31', '在线下单管理', '21', '0', 'onlineOrder'), ('32', '处理在线订单', '31', '0', 'onlineOrder-update'), ('33', '删除在线订单', '31', '0', 'onlineOrder-delete'), ('34', '更新订单', '27', '0', 'dynamicOrder-add'), ('35', '查看订单', '27', '0', 'dynamicOrder-view'), ('36', '关闭订单', '27', '0', 'order-close'), ('37', '新闻资讯管理', '21', '0', 'news'), ('38', '新闻管理', '37', '0', 'newsManage'), ('39', '导航新闻管理', '37', '0', 'newsTitle'), ('40', '新增新闻', '38', '0', 'news-add'), ('41', '修改新闻', '38', '0', 'news-update'), ('42', '删除新闻', '38', '0', 'news-delete'), ('43', '发布上线/下线', '38', '0', 'news-publish'), ('44', '新增导航新闻', '39', '0', 'newsTitle-add'), ('45', '修改新闻', '39', '0', 'newsTitle-update'), ('46', '删除导航新闻', '39', '0', 'newsTitle-delete'), ('47', '发布上线/下线', '39', '0', 'newsTitle-publish');
COMMIT;

-- ----------------------------
--  Table structure for `sys_role`
-- ----------------------------
DROP TABLE IF EXISTS `sys_role`;
CREATE TABLE `sys_role` (
  `id` int(11) NOT NULL AUTO_INCREMENT,
  `roleName` varchar(32) NOT NULL,
  `status` int(11) DEFAULT NULL,
  PRIMARY KEY (`id`)
) ENGINE=InnoDB AUTO_INCREMENT=4 DEFAULT CHARSET=utf8 COMMENT='角色表';

-- ----------------------------
--  Records of `sys_role`
-- ----------------------------
BEGIN;
INSERT INTO `sys_role` VALUES ('1', '管理员', '0'), ('2', '开发组', '0'), ('3', '测试', '0');
COMMIT;

-- ----------------------------
--  Table structure for `sys_role_menu`
-- ----------------------------
DROP TABLE IF EXISTS `sys_role_menu`;
CREATE TABLE `sys_role_menu` (
  `id` int(11) NOT NULL AUTO_INCREMENT,
  `roleId` int(11) NOT NULL,
  `menuId` int(11) NOT NULL,
  PRIMARY KEY (`id`)
) ENGINE=InnoDB AUTO_INCREMENT=2458 DEFAULT CHARSET=utf8 COMMENT='角色菜单表';

-- ----------------------------
--  Records of `sys_role_menu`
-- ----------------------------
BEGIN;
INSERT INTO `sys_role_menu` VALUES ('58', '5', '1'), ('2422', '2', '5'), ('2423', '2', '1'), ('2424', '2', '2'), ('2425', '2', '3'), ('2426', '2', '4'), ('2427', '2', '6'), ('2428', '2', '7'), ('2429', '2', '8'), ('2430', '2', '9'), ('2431', '2', '10'), ('2432', '2', '11'), ('2433', '2', '12'), ('2434', '2', '13'), ('2435', '2', '14'), ('2436', '2', '15'), ('2437', '2', '16'), ('2438', '3', '12'), ('2439', '3', '13'), ('2440', '3', '14'), ('2441', '1', '5'), ('2442', '1', '1'), ('2443', '1', '2'), ('2444', '1', '3'), ('2445', '1', '4'), ('2446', '1', '6'), ('2447', '1', '7'), ('2448', '1', '8'), ('2449', '1', '9'), ('2450', '1', '17'), ('2451', '1', '10'), ('2452', '1', '11'), ('2453', '1', '12'), ('2454', '1', '13'), ('2455', '1', '14'), ('2456', '1', '15'), ('2457', '1', '16');
COMMIT;

-- ----------------------------
--  Table structure for `sys_role_permission`
-- ----------------------------
DROP TABLE IF EXISTS `sys_role_permission`;
CREATE TABLE `sys_role_permission` (
  `id` int(11) NOT NULL AUTO_INCREMENT,
  `permissionId` int(11) NOT NULL,
  `roleId` int(11) NOT NULL,
  PRIMARY KEY (`id`)
) ENGINE=InnoDB AUTO_INCREMENT=38848 DEFAULT CHARSET=utf8 COMMENT='角色权限表';

-- ----------------------------
--  Records of `sys_role_permission`
-- ----------------------------
BEGIN;
INSERT INTO `sys_role_permission` VALUES ('1', '50', '3'), ('2', '51', '3'), ('3', '52', '3'), ('4', '53', '3'), ('50', '1', '3'), ('51', '2', '3'), ('52', '3', '3'), ('53', '4', '3'), ('54', '20', '3'), ('38801', '21', '1'), ('38802', '1', '1'), ('38803', '2', '1'), ('38804', '3', '1'), ('38805', '4', '1'), ('38806', '20', '1'), ('38807', '6', '1'), ('38808', '5', '1'), ('38809', '7', '1'), ('38810', '8', '1'), ('38811', '9', '1'), ('38812', '10', '1'), ('38813', '12', '1'), ('38814', '11', '1'), ('38815', '13', '1'), ('38816', '14', '1'), ('38817', '15', '1'), ('38818', '16', '1'), ('38819', '17', '1'), ('38820', '18', '1'), ('38821', '19', '1'), ('38822', '22', '1'), ('38823', '23', '1'), ('38824', '24', '1'), ('38825', '25', '1'), ('38826', '26', '1'), ('38827', '27', '1'), ('38828', '28', '1'), ('38829', '29', '1'), ('38830', '30', '1'), ('38831', '34', '1'), ('38832', '35', '1'), ('38833', '36', '1'), ('38834', '31', '1'), ('38835', '32', '1'), ('38836', '33', '1'), ('38837', '37', '1'), ('38838', '38', '1'), ('38839', '40', '1'), ('38840', '41', '1'), ('38841', '42', '1'), ('38842', '43', '1'), ('38843', '39', '1'), ('38844', '44', '1'), ('38845', '45', '1'), ('38846', '46', '1'), ('38847', '47', '1');
COMMIT;

-- ----------------------------
--  Table structure for `sys_system_user`
-- ----------------------------
DROP TABLE IF EXISTS `sys_system_user`;
CREATE TABLE `sys_system_user` (
  `id` int(11) NOT NULL AUTO_INCREMENT,
  `systemName` varchar(32) NOT NULL,
  `password` varchar(100) NOT NULL,
  `status` int(11) NOT NULL COMMENT '0 正常1.冻结2.删除3.',
  `realName` varchar(32) NOT NULL,
  `IDCard` char(18) NOT NULL,
  `sex` int(11) DEFAULT NULL COMMENT '0代表男1代表女',
  `phone` char(11) DEFAULT NULL,
  `entryDate` datetime DEFAULT NULL,
  PRIMARY KEY (`id`)
) ENGINE=InnoDB AUTO_INCREMENT=12 DEFAULT CHARSET=utf8 COMMENT='系统用户';

-- ----------------------------
--  Records of `sys_system_user`
-- ----------------------------
BEGIN;
INSERT INTO `sys_system_user` VALUES ('1', 'admin', '798aa1f6b16611ca7552efc8349b5bf7', '0', '白晓斌', '612724198809111252', '0', '15249284875', '1988-09-11 00:00:00'), ('7', 'liuhj', 'e10adc3949ba59abbe56e057f20f883e', '0', '刘宏杰', '', '0', '', null), ('8', 'baixb', '798aa1f6b16611ca7552efc8349b5bf7', '0', '小兵', '', '0', '', null), ('9', 'gll', '798aa1f6b16611ca7552efc8349b5bf7', '0', '管露露', '', '0', '', null), ('10', 'test', '798aa1f6b16611ca7552efc8349b5bf7', '0', '测试账号', '', '0', '', null), ('11', 'dev', 'e10adc3949ba59abbe56e057f20f883e', '0', '测试账号2', '', '0', '', null);
COMMIT;

-- ----------------------------
--  Table structure for `sys_user_role`
-- ----------------------------
DROP TABLE IF EXISTS `sys_user_role`;
CREATE TABLE `sys_user_role` (
  `id` int(11) NOT NULL AUTO_INCREMENT,
  `userId` int(11) NOT NULL,
  `roleId` int(11) NOT NULL,
  PRIMARY KEY (`id`)
) ENGINE=InnoDB AUTO_INCREMENT=21 DEFAULT CHARSET=utf8 COMMENT='用户角色';

-- ----------------------------
--  Records of `sys_user_role`
-- ----------------------------
BEGIN;
INSERT INTO `sys_user_role` VALUES ('9', '9', '1'), ('12', '1', '1'), ('15', '8', '2'), ('18', '7', '1'), ('19', '11', '3'), ('20', '10', '3');
COMMIT;

-- ----------------------------
--  Table structure for `tbl_common`
-- ----------------------------
DROP TABLE IF EXISTS `tbl_common`;
CREATE TABLE `tbl_common` (
  `id` bigint(20) NOT NULL AUTO_INCREMENT,
  `aboutUs` text NOT NULL COMMENT '关于我们',
  `phoneNum` varchar(11) NOT NULL COMMENT '联系电话',
  `telPhone` varchar(12) NOT NULL COMMENT '固话',
  `complaintsNum` varchar(32) NOT NULL COMMENT '投诉电话',
  `companyDes` text NOT NULL COMMENT '公司描述',
  `address` varchar(255) NOT NULL COMMENT '公司地址',
  PRIMARY KEY (`id`)
) ENGINE=InnoDB AUTO_INCREMENT=2 DEFAULT CHARSET=utf8mb4 COMMENT='公共信息';

-- ----------------------------
--  Records of `tbl_common`
-- ----------------------------
BEGIN;
INSERT INTO `tbl_common` VALUES ('1', '212', '18657590696', '18657590696', '18657590696', '<p>&nbsp; &nbsp; &nbsp; &nbsp;绍兴越海物流有限公司（以下简称“捷海物流”） 是浙江省首批“AAA”级物流资质企业，创立于2008年10月28日，作为绍兴优秀运输资质企业，目前越海物流致力于打造绍兴最强大、最快捷、最可靠的物流运输企业，通过绍兴物流网平台，帮助企业实现“让企业没有不能安全按时到达的货物”。越海物流通过八年多的发展，在绍兴地区积累了丰富的资源，目前拥有自己专业的运输车队、有六十多条国内专线紧密抱团合作、服务绍兴地区三百多家优质客户，不断开拓创新，是绍兴公路运输最具潜力的领军企业。</p><p>&nbsp; &nbsp; &nbsp; &nbsp;越海物流以客户为中心，为客户提供定制化的个性服务，如货物追踪、网上下单、微信公众号等服务，全方位的满足客户个性化的需求。越海物流运营模式不断创新，后台服务中心使得越海物流在配送环节有明显的优势。越海拥有一批优质的人才队伍，通过完善的培训体系，打造了一支高标准、严要求的人才队伍。</p><p>&nbsp; &nbsp; &nbsp; &nbsp; &nbsp;今天，越海物流将一如既往地以稳定、可靠、安全的运营系统，科学的资源整合，先进的管理技术，创新的物流服务模式，个性化的解决方案，专业的人才队伍为各类企业提供值得信赖的物流服务。以强大的网络、优质的服务、高效的运作，为中国物流行业做出更大的努力和贡献。</p><p><br/></p>', '绍兴市越城区越东路绍兴现代港物流中心');
COMMIT;

-- ----------------------------
--  Table structure for `tbl_dynamic_order`
-- ----------------------------
DROP TABLE IF EXISTS `tbl_dynamic_order`;
CREATE TABLE `tbl_dynamic_order` (
  `id` bigint(20) NOT NULL AUTO_INCREMENT,
  `orderId` varchar(32) NOT NULL,
  `arrivePosition` varchar(50) NOT NULL COMMENT '到大地方',
  `arriveTime` datetime NOT NULL,
  `createDate` bigint(20) NOT NULL COMMENT '创建时间',
  `lastModDate` bigint(20) NOT NULL,
  PRIMARY KEY (`id`)
) ENGINE=InnoDB AUTO_INCREMENT=9 DEFAULT CHARSET=utf8mb4 COMMENT='动态订单详情';

-- ----------------------------
--  Records of `tbl_dynamic_order`
-- ----------------------------
BEGIN;
INSERT INTO `tbl_dynamic_order` VALUES ('1', '32222222222222', '古田', '2016-08-13 23:38:27', '1471102712158', '1471102712156'), ('2', '32222222222222', '深圳', '2016-08-16 00:21:03', '1471105278216', '1471105278206'), ('3', '32222222222222', '榆林', '2016-08-31 00:21:23', '1471105293507', '1471105293506'), ('4', '32222222222222', '上海', '2017-08-31 00:34:39', '1471106088200', '1471106088199'), ('5', '20160814000100', '榆林', '2016-08-14 11:07:37', '1471144071524', '1471144071521'), ('6', '20160814000100', '神木', '2016-08-16 11:07:55', '1471144093493', '1471144093492'), ('7', '20160814000100', '乌审旗', '2016-08-19 11:08:15', '1471144118561', '1471144118560'), ('8', '20160814000101', '榆林', '2016-08-14 11:54:22', '1471146867025', '1471146867019');
COMMIT;

-- ----------------------------
--  Table structure for `tbl_freight`
-- ----------------------------
DROP TABLE IF EXISTS `tbl_freight`;
CREATE TABLE `tbl_freight` (
  `id` bigint(20) NOT NULL,
  `from` varchar(32) NOT NULL,
  `to` varchar(32) NOT NULL,
  `des` varchar(500) NOT NULL,
  `price` varchar(255) NOT NULL,
  PRIMARY KEY (`id`)
) ENGINE=InnoDB DEFAULT CHARSET=utf8mb4 COMMENT='运费管理';

-- ----------------------------
--  Table structure for `tbl_navigation`
-- ----------------------------
DROP TABLE IF EXISTS `tbl_navigation`;
CREATE TABLE `tbl_navigation` (
  `id` bigint(20) NOT NULL AUTO_INCREMENT,
  `name` varchar(32) NOT NULL COMMENT '名称',
  `url` varchar(255) NOT NULL COMMENT '连接地址',
  `createDate` bigint(20) NOT NULL,
  `creator` bigint(20) NOT NULL,
  `lastModifier` bigint(20) NOT NULL,
  `lastModDate` bigint(20) NOT NULL,
  `status` tinyint(4) NOT NULL COMMENT '0未发布 1发布 ',
  PRIMARY KEY (`id`)
) ENGINE=InnoDB AUTO_INCREMENT=7 DEFAULT CHARSET=utf8mb4 COMMENT='页面导航内容';

-- ----------------------------
--  Records of `tbl_navigation`
-- ----------------------------
BEGIN;
INSERT INTO `tbl_navigation` VALUES ('2', '首页', 'html/index.html', '1470927981638', '0', '0', '1472473297692', '1'), ('3', '货物跟踪', 'html/cargo_trace.html', '1471268632981', '0', '0', '1472473846196', '1'), ('4', '在线下单', 'html/online_order.html', '1472473461887', '0', '0', '1472473840538', '1'), ('5', '新闻资讯', 'html/news_list.html', '1472473493665', '0', '0', '1472479140751', '1'), ('6', '关于我们', 'html/about_us.html', '1472473513167', '0', '0', '1472473834813', '1');
COMMIT;

-- ----------------------------
--  Table structure for `tbl_news`
-- ----------------------------
DROP TABLE IF EXISTS `tbl_news`;
CREATE TABLE `tbl_news` (
  `id` bigint(32) NOT NULL AUTO_INCREMENT,
  `title` varchar(64) NOT NULL COMMENT '标题',
  `content` text NOT NULL COMMENT '内容',
  `createDate` bigint(20) NOT NULL,
  `creator` bigint(20) NOT NULL,
  `lastModifier` bigint(20) NOT NULL,
  `lastModDate` bigint(20) NOT NULL,
  `status` tinyint(4) NOT NULL DEFAULT '0' COMMENT '0未发布 1 发布 -1删除',
  `newsType` tinyint(4) NOT NULL COMMENT '新闻类型 0 无图片 1有图片的滚动图片',
  `pic` varchar(500) NOT NULL,
  `postTime` datetime NOT NULL,
  `updateTime` datetime NOT NULL,
  PRIMARY KEY (`id`)
) ENGINE=InnoDB AUTO_INCREMENT=6 DEFAULT CHARSET=utf8mb4 COMMENT='新闻资讯';

-- ----------------------------
--  Records of `tbl_news`
-- ----------------------------
BEGIN;
INSERT INTO `tbl_news` VALUES ('1', '物流观察：日本企业物流成本何以这', '<p style=\"margin-top: 15px; margin-bottom: 15px; padding: 0px; list-style: none; font-family: 微软雅黑, 宋体, &quot;Arial Narrow&quot;; letter-spacing: 1px; line-height: 30px; white-space: normal; text-indent: 2em;\"><strong>中国物流新闻网：</strong>日本物流的历史并不长，但发展速度很快，如今凭借先进的物流技术、管理方式等，很好的控制了成本费用，成为世界物流领域先进国家。<br/>日本物流的历史并不长，但发展速度很快，如今凭借先进的物流技术、管理方式等，很好的控制了成本费用，成为世界物流领域先进国家。<br/>相对美国，日本物流行业的起步较晚，但仍早于中国。通过几十年的发展，日本的物流行业取得了长足的发展，很多技术和衡量物流行业的指标数字都非常亮眼。<br/>关注成本，是日本企业几十年如一日在做的事情。本期期专题，让我们看看日本物流成本水平具体如何？日本企业为了降低物流成本又做了哪些有效的改革？<br/>一、物流成本占比低<br/>在国际上，通常用社会物流总费用与GDP的比率来衡量一个国家物流的发展水平，用企业物流成本占产品销售额的比重来衡量行业的物流发展水平。<br/>2013年，中国社会物流总费用与GDP的比率为18%，与上年基本持平。中国物流与采购联合会的分析报告指出，这一比率高于日本9.5个百分点左右，高于全球平均水平约6.5个百分点。与日本这样的物流发达国家相比，我国的物流成本比率明显偏高。<br/>从日本物流行业的数据来看，从1995年到2003年，日本物流全行业的企业物流成本占产品销售额的比重，逐步下降了近一个百分点，而后从2003年以来，维持在5%左右的稳定水平。而美国在2012年企业物流成本占产品销售额的比重数据为7.87%，2013年企业物流成本占产品销售额的比重为8.41%，高于日本且呈现上升趋势。<br/>从制造行业来看，2013年，日本陶瓷、土石、玻璃、水泥这类行业的物流成本占产品销售额比重最高，为8.69%；排在第二位的是需要通过冷链运输的食品行业，比重为8.57%；而可以常温运输的食品行业，比重为6.01%。<br/>进一步分析具体的成本构成，以卡车运输为例，从日本国土交通省自动车局和全日本卡车协会在2011年的调查数据来看，运输人工费用占比高达45.9%，考虑这一数据形成的原因：其一，日本的人工成本费用普遍较高；其二，非人工的成本已经尽可能的被压缩了。<br/>二、从自动化和信息系统提升<br/>不同的时代，每个行业都会有不同的呈现，面临不同的问题，从而也促生了相应背景下的解决方案。<br/>在19世纪60年代的日本，企业的生产量和销售量激增，导致了物流量的激增。不仅如此，通货膨胀导致物价上升，企业人工成本上涨。<br/>为了缓解这两大问题，日本物流行业在这一时期采用通过增加机械化，提升物流处理能力，减少人工。立体自动化仓库正是在此时出现，实现仓库高层空间的合理化运用，以及实现自动化存取货物。<br/>如今，立体化仓库已经成为一门独立的学科，并在日本迅速发展。从19世纪80年代末期开始，日本的立体化仓库从制造业，开始遍及农业、仓储业、批发零售业、银行保险业等行业，物流的自动化得到了广泛的应用。目前，日本已经成为当今世界上应用自动化立体仓库最广的国家。<br/>除了自动化设备之外，日本物流行业在19世纪70年代开始通过信息系统来提升效率。<br/>第一次石油危机以后，日本经济高速增长的时代终结，物流量开始稳定下来，提升物流处理能力的需求也相对变弱。这样的时代背景下，日本物流行业开始注重提升物流的效率。<br/>在此之前，日本物流行业的信息系统尚没有普及，依靠传统的方式处理效率较差。例如，日本的销售部门一般将入库、发货、库存等信息在月末做成月报提交给总公司，总公司不能快速实时的根据销售网点的信息，修改生产方案或者进行其他的一些调整。<br/>从19世纪70年代后期，物流信息网络开始飞速发展，将各个网点，以及生产、销售等各个相关部门整合在一个系统中,实现了实时在线地物流信息处理和交互，大幅提升了效率。<br/>导入信息系统，从短期来看，是增加了导入和维护成本，但从长远来看，节省了沟通成本和时间成本，避免了由于信息不对称导致问题引发的费用。随着经济的发展，日本物流行业的信息系统变得越来越完善。<br/>三、降低成本三大招<br/>虽然日本的物流行业已经处于领先的水平，但是他们仍然在挖空心思的降低成本。<br/>根据公益社团法人日本Logistics system协会发布的《2013年日本物流成本调查报告》中对日本182家公司进行的调查显示，在2013年，日本企业采用的前三位的降低物流成本方式依次为：提升装载率，削减库存以及重新规划物流据点。<br/>事实上，这是近几年来日本企业为了降低物流成本而持续使用的方式。<br/>在物流行业里面，装载率是评估营运效率的方法。从物流成本上看，运输成本占了约六成，小批量、多频次的运输会导致效率低下。提升了装载率，就可以减少使用的车辆等运输工具的数目，进而降低运输成本，这便是他们致力于提升装载率的源动力所在。<br/>之所以物流装载率低，很大程度上源自重量和体积的矛盾。例如，当货物已经堆满，但重量却不到能承载重量的一半，而物流公司一般是按重量收取运费的，会造成车辆吨位资源的浪费，需要更多的车辆来运输，运输成本上升。<br/>因此，如何合理的搭配货物进行运输对于降低物流成本非常重要。在进行货物搭配运载之前，对各个送货地址的路线、配送时间、重量体积、包装、物流网络、装载方法等因素的相关数据进行详细分析，有利于合理化运载，提升装载率。<br/>看似简单但实际操作较为复杂，且由于日本国内将客户需求放在第一位，并受JIT生产方式的要求，提升装载率的难度不容忽视。可见，日本物流业已经进入一个精耕细作的时期。<br/>除了在装载率上突破，日本的企业开始削减库存。<br/>在库产品数量的减少，有助于降低存管费用，改善资金流，同时可以让出入库作业更加方便，但是库存并不能随心所欲的减，会牵一发动全身，需要考虑多方面的问题。例如，物流中心放置的货物是不是和热销货品一致。<br/>此外，由于日本企业国际化程度高，很多企业已经把生产据点放在海外，并在国外进行产品销售。在这样背景下，一旦库存不足，需要补货，将要面临更多的运输成本和时间成本。目前，从供应链整体的视角来预测精确预测库存的需要量，合理化设定库存，被视为库存管理的核心。目前，清理死库存、整理品类、库存据点集约化、缩短生产准备时间、提升销售预测精度等较常用的削减库存方法。<br/>与此同时，受到日本老龄化、人口减少问题的影响，物流需要减少，日本公司对于物流据点进行再规划，对物流据点进行整合，减少物流据点的量。甚至不少日本公司开始采用工厂直送的方式。</p><p style=\"margin-top: 15px; margin-bottom: 15px; padding: 0px; list-style: none; font-family: 微软雅黑, 宋体, &quot;Arial Narrow&quot;; letter-spacing: 1px; line-height: 30px; white-space: normal;\"><strong>关键字:</strong><a href=\"http://www.clpn.com.cn/search/%E6%97%A5%E6%9C%AC%E7%89%A9%E6%B5%81.html\" style=\"color: rgb(0, 0, 0);\">日本物流</a></p><div class=\"line10\" style=\"clear: both; font-size: 0px; height: 10px; overflow: hidden; font-family: 微软雅黑, 宋体, &quot;Arial Narrow&quot;; letter-spacing: 1px; line-height: 30px; white-space: normal;\"></div><div id=\"bdshare\" class=\"bdshare_t bds_tools_32 get-codes-bdshare\" style=\"z-index: 999999; padding-bottom: 2px; font-size: 12px; float: left; zoom: 1; font-family: 微软雅黑, 宋体, &quot;Arial Narrow&quot;; letter-spacing: 1px; line-height: 30px; white-space: normal;\"><a class=\"bds_qzone\" title=\"分享到QQ空间\" href=\"http://www.clpn.com.cn/news/show-7986.html#\" style=\"color: rgb(0, 0, 0); text-decoration: none; width: 37px; height: 37px; display: block; float: left; margin-right: 3px; text-indent: -100em; cursor: pointer; background: url(&quot;../images/is_32.png?cdnversion=20131219&quot;) no-repeat;\"></a><a class=\"bds_tsina\" title=\"分享到新浪微博\" href=\"http://www.clpn.com.cn/news/show-7986.html#\" style=\"color: rgb(0, 0, 0); text-decoration: none; width: 37px; height: 37px; display: block; float: left; margin-right: 3px; text-indent: -100em; cursor: pointer; background: url(&quot;../images/is_32.png?cdnversion=20131219&quot;) no-repeat;\"></a><a class=\"bds_tqq\" title=\"分享到腾讯微博\" href=\"http://www.clpn.com.cn/news/show-7986.html#\" style=\"color: rgb(0, 0, 0); text-decoration: none; width: 37px; height: 37px; display: block; float: left; margin-right: 3px; text-indent: -100em; cursor: pointer; background: url(&quot;../images/is_32.png?cdnversion=20131219&quot;) no-repeat;\"></a><a class=\"bds_renren\" title=\"分享到人人网\" href=\"http://www.clpn.com.cn/news/show-7986.html#\" style=\"color: rgb(0, 0, 0); text-decoration: none; width: 37px; height: 37px; display: block; float: left; margin-right: 3px; text-indent: -100em; cursor: pointer; background: url(&quot;../images/is_32.png?cdnversion=20131219&quot;) no-repeat;\"></a><a class=\"bds_t163\" title=\"分享到网易微博\" href=\"http://www.clpn.com.cn/news/show-7986.html#\" style=\"color: rgb(0, 0, 0); text-decoration: none; width: 37px; height: 37px; display: block; float: left; margin-right: 3px; text-indent: -100em; cursor: pointer; background: url(&quot;../images/is_32.png?cdnversion=20131219&quot;) no-repeat;\"></a><span class=\"bds_more\" style=\"display: block; font-family: 宋体, Arial; height: 32px; float: left; cursor: pointer; padding-top: 6px; padding-bottom: 3px; padding-left: 0px; width: 37px; text-indent: -100em; background: url(&quot;../images/is_32.png?cdnversion=20131219&quot;) 0px 5px no-repeat !important;\"></span><a class=\"shareCount\" href=\"http://www.clpn.com.cn/news/show-7986.html#\" title=\"累计分享1次\" style=\"color: rgb(69, 69, 69); text-decoration: none; width: 43px; height: 32px; display: block; float: left; margin: 5px 0px 0px; cursor: pointer; padding: 0px 0px 0px 5px; text-align: center; overflow: hidden; font-size: 14px; line-height: 32px; font-family: 宋体 !important; background: url(&quot;../images/sc.png?cdnversion=20120720&quot;) 0px -60px no-repeat !important;\">1</a></div><div class=\"line10\" style=\"clear: both; font-size: 0px; height: 10px; overflow: hidden; font-family: 微软雅黑, 宋体, &quot;Arial Narrow&quot;; letter-spacing: 1px; line-height: 30px; white-space: normal;\"></div><p style=\"margin-top: 15px; margin-bottom: 15px; padding: 0px; list-style: none; font-family: 微软雅黑, 宋体, &quot;Arial Narrow&quot;; letter-spacing: 1px; line-height: 30px; white-space: normal; text-indent: 2em; font-weight: bold; font-size: 14px;\">中国物流新闻网版权声明：凡注明来源为“中国物流新闻网：xxx（署名）”，除与中国物流新闻网签署内容授权协议的网站外，其他任何网站或者单位未经允许禁止转载、使用，违者必究。如需使用，请与010-65001167联系；凡本网注明“来源：xxx（非中国物流新闻网）”的作品，均转载与其他媒体，目的在于传播更多信息，但并不意味着中国页岩气网赞同其观点或证实其描述，文章内容仅供参考。其他媒体如需转载，请与稿件来源方联系，如产生任何问题与本网无关，想了解更多内容，请登录网站：http://www.clpcn.com.cn</p><p><br/></p>', '1471532312853', '0', '0', '1472558995787', '1', '0', 'upload/news/pic/20160830/200952469.jpg', '2016-08-19 10:13:22', '2016-08-30 20:09:56'), ('2', '物流业面临问题仍不少 发展空间巨大', '<p><span style=\"color: rgb(105, 105, 105); font-family: 宋体, Arial, Helvetica, sans-serif; font-size: 14px; line-height: 25px; text-indent: 28px; white-space: normal; background-color: rgb(248, 251, 255);\">&nbsp; &nbsp; &nbsp; &nbsp; 近日，中国物流与采购联合会发布的《2015年物流运行情况分析与2016年展望》显示，当前物流行业表现出的主要特点是，物流需求进入调整转型期，物流费用与GDP的比率进入加速回落期，物流市场规模进入平稳增长期，物流服务价格进入低位震荡期，物流企业进入营利困难期。</span><br style=\"margin: 0px; padding: 0px; font-family: 宋体, Arial, Helvetica, sans-serif; color: rgb(105, 105, 105); font-size: 14px; line-height: 25px; text-indent: 28px; white-space: normal; background-color: rgb(248, 251, 255);\"/><span style=\"color: rgb(105, 105, 105); font-family: 宋体, Arial, Helvetica, sans-serif; font-size: 14px; line-height: 25px; text-indent: 28px; white-space: normal; background-color: rgb(248, 251, 255);\">　　不过，中国物流与采购联合会会长何黎明在“2016年中国物流发展与形势分析会”上对物流业的发展现状进行分析时表示，在当前经济运行转型升级的关键时期，物流业虽然面临不少问题，但也应该看到新常态下物流业面临的诸多红利。</span><br style=\"margin: 0px; padding: 0px; font-family: 宋体, Arial, Helvetica, sans-serif; color: rgb(105, 105, 105); font-size: 14px; line-height: 25px; text-indent: 28px; white-space: normal; background-color: rgb(248, 251, 255);\"/><span style=\"color: rgb(105, 105, 105); font-family: 宋体, Arial, Helvetica, sans-serif; font-size: 14px; line-height: 25px; text-indent: 28px; white-space: normal; background-color: rgb(248, 251, 255);\">　　面临问题仍不少</span><br style=\"margin: 0px; padding: 0px; font-family: 宋体, Arial, Helvetica, sans-serif; color: rgb(105, 105, 105); font-size: 14px; line-height: 25px; text-indent: 28px; white-space: normal; background-color: rgb(248, 251, 255);\"/><span style=\"color: rgb(105, 105, 105); font-family: 宋体, Arial, Helvetica, sans-serif; font-size: 14px; line-height: 25px; text-indent: 28px; white-space: normal; background-color: rgb(248, 251, 255);\">　　何黎明在“2016年中国物流发展与形势分析会”上表示，物流业的问题主要表现在：有效需求不足和供给能力不够矛盾交织；社会物流成本仍然较高和企业营利能力低问题突出；物流基础设施总量过剩和结构性短缺并存；物流需求增速放缓，部分企业经营困难；市场环境和诚信体系建设有待加强；体制机制约束依然明显，制约物流业发展的具体政策有些迟迟不能出台，已出台的政策难以真正落地。</span><br style=\"margin: 0px; padding: 0px; font-family: 宋体, Arial, Helvetica, sans-serif; color: rgb(105, 105, 105); font-size: 14px; line-height: 25px; text-indent: 28px; white-space: normal; background-color: rgb(248, 251, 255);\"/><span style=\"color: rgb(105, 105, 105); font-family: 宋体, Arial, Helvetica, sans-serif; font-size: 14px; line-height: 25px; text-indent: 28px; white-space: normal; background-color: rgb(248, 251, 255);\">　　而同期，中投顾问产业研究中心发布的《2016—2020年中国物流行业投资分析及前景预测报告》显示，中国物流业的发展须着力从降低物流成本、提升物流企业规模化集约化水平、加强物流基础设施网络建设三方面入手。</span><br style=\"margin: 0px; padding: 0px; font-family: 宋体, Arial, Helvetica, sans-serif; color: rgb(105, 105, 105); font-size: 14px; line-height: 25px; text-indent: 28px; white-space: normal; background-color: rgb(248, 251, 255);\"/><span style=\"color: rgb(105, 105, 105); font-family: 宋体, Arial, Helvetica, sans-serif; font-size: 14px; line-height: 25px; text-indent: 28px; white-space: normal; background-color: rgb(248, 251, 255);\">　　不过，何黎明认为，总体来看“十三五”时期我国物流业仍然处于大有可为的战略机遇期。物流业在国民经济中的产业地位将稳步提升，发展空间将更加广阔。预计“十三五”时期，行业增速将继续保持趋稳放缓态势，物流业进入以转型升级为主线的发展新阶段，逐步从追求速度规模增长向质量效益提升转变，加强供给侧改革，把握发展新红利，努力适应经济社会发展新常态。</span><br style=\"margin: 0px; padding: 0px; font-family: 宋体, Arial, Helvetica, sans-serif; color: rgb(105, 105, 105); font-size: 14px; line-height: 25px; text-indent: 28px; white-space: normal; background-color: rgb(248, 251, 255);\"/><span style=\"color: rgb(105, 105, 105); font-family: 宋体, Arial, Helvetica, sans-serif; font-size: 14px; line-height: 25px; text-indent: 28px; white-space: normal; background-color: rgb(248, 251, 255);\">　　何黎明表示，新常态下物流业面临的诸多红利，包括技术进步的红利、创新创业的红利、消费升级的红利、扩大开放的红利、深化改革的红利、大数据资源的红利等。</span><br style=\"margin: 0px; padding: 0px; font-family: 宋体, Arial, Helvetica, sans-serif; color: rgb(105, 105, 105); font-size: 14px; line-height: 25px; text-indent: 28px; white-space: normal; background-color: rgb(248, 251, 255);\"/><span style=\"color: rgb(105, 105, 105); font-family: 宋体, Arial, Helvetica, sans-serif; font-size: 14px; line-height: 25px; text-indent: 28px; white-space: normal; background-color: rgb(248, 251, 255);\">　　中国经济景气监测中心副主任潘建成在接受《中国企业报》记者采访时也表示，当下物流业发展具备两个大条件和优势：一是现代交通体系日臻完善，航空、公路、铁路、水路，交通网络更加便捷和快捷；二是现代信息技术使连接物流信息的各方面更加快捷，大大减少了因为信息不透明带来的物流成本，现代物流业迎来了最佳发展时期。</span><br style=\"margin: 0px; padding: 0px; font-family: 宋体, Arial, Helvetica, sans-serif; color: rgb(105, 105, 105); font-size: 14px; line-height: 25px; text-indent: 28px; white-space: normal; background-color: rgb(248, 251, 255);\"/><span style=\"color: rgb(105, 105, 105); font-family: 宋体, Arial, Helvetica, sans-serif; font-size: 14px; line-height: 25px; text-indent: 28px; white-space: normal; background-color: rgb(248, 251, 255);\">　　四大发展趋势</span><br style=\"margin: 0px; padding: 0px; font-family: 宋体, Arial, Helvetica, sans-serif; color: rgb(105, 105, 105); font-size: 14px; line-height: 25px; text-indent: 28px; white-space: normal; background-color: rgb(248, 251, 255);\"/><span style=\"color: rgb(105, 105, 105); font-family: 宋体, Arial, Helvetica, sans-serif; font-size: 14px; line-height: 25px; text-indent: 28px; white-space: normal; background-color: rgb(248, 251, 255);\">　　专家分析指出，“十三五”时期，物流业发展将聚焦“高效、集约、连通、创新、协调和改革”六大战略重点展开。一是打造高效物流服务体系；二是引导物流集约发展；三是实现设施连通、网络互通、信息畅通；四是创新物流组织方式和运营模式；五是统筹区域、国际、国内物流协调发展；六是深化物流管理体制改革。</span><br style=\"margin: 0px; padding: 0px; font-family: 宋体, Arial, Helvetica, sans-serif; color: rgb(105, 105, 105); font-size: 14px; line-height: 25px; text-indent: 28px; white-space: normal; background-color: rgb(248, 251, 255);\"/><span style=\"color: rgb(105, 105, 105); font-family: 宋体, Arial, Helvetica, sans-serif; font-size: 14px; line-height: 25px; text-indent: 28px; white-space: normal; background-color: rgb(248, 251, 255);\">　　潘建成告诉记者，未来物流业的发展应主要从三方面着手：一要坚持创新，打破原来思路，使物流行业更好与上下游结合起来融为一体；二要更加紧密地与信息化结合起来，通过互联网等一系列现代信息技术使物流成本大大降低，提高物流效率；三是要了解产业结构升级和消费结构升级的方向，使未来物流需求的走向与之契合。</span><br style=\"margin: 0px; padding: 0px; font-family: 宋体, Arial, Helvetica, sans-serif; color: rgb(105, 105, 105); font-size: 14px; line-height: 25px; text-indent: 28px; white-space: normal; background-color: rgb(248, 251, 255);\"/><span style=\"color: rgb(105, 105, 105); font-family: 宋体, Arial, Helvetica, sans-serif; font-size: 14px; line-height: 25px; text-indent: 28px; white-space: normal; background-color: rgb(248, 251, 255);\">　　事实上，上述两个报告均提到了要降低物流成本，提升物流行业集约化水平，加强物流基础设施网络三个方面。</span><br style=\"margin: 0px; padding: 0px; font-family: 宋体, Arial, Helvetica, sans-serif; color: rgb(105, 105, 105); font-size: 14px; line-height: 25px; text-indent: 28px; white-space: normal; background-color: rgb(248, 251, 255);\"/><span style=\"color: rgb(105, 105, 105); font-family: 宋体, Arial, Helvetica, sans-serif; font-size: 14px; line-height: 25px; text-indent: 28px; white-space: normal; background-color: rgb(248, 251, 255);\">　　中国物流与采购联合会科技信息部闫淑君处长就《2015年物流运行情况分析与2016年展望》的数据分析，向记者表示，“未来物流业发展重点，从物流统计角度看，要提升行业整体服务水平；从供给侧的角度讲，要提高物流服务能力，通过自身行业发展和优化，通过物流效率提高，帮助制造企业、贸易企业降低成本，改善工商业的发展，有效提升经济运行质量。同时，未来物流业的快递速运和冷链物流新业态，会呈现一个加速发展的趋势，也是应该着重把握的。”</span><br style=\"margin: 0px; padding: 0px; font-family: 宋体, Arial, Helvetica, sans-serif; color: rgb(105, 105, 105); font-size: 14px; line-height: 25px; text-indent: 28px; white-space: normal; background-color: rgb(248, 251, 255);\"/><span style=\"color: rgb(105, 105, 105); font-family: 宋体, Arial, Helvetica, sans-serif; font-size: 14px; line-height: 25px; text-indent: 28px; white-space: normal; background-color: rgb(248, 251, 255);\">　　对于物流业的发展展望，相关专家学者认为，总体来看，“十三五”时期物流业发展将进入以转型升级为主线的新阶段，主要体现在四大趋势：一是物流运行平稳增长与结构调整优化并存；二是物流与相关行业由单一服务向深入融合转变；三是物流由区域性向区域、国内、国际物流协调发展转变；四是物流业追求自身发展与促进工商企业协同发展并重。</span></p>', '1471532713988', '0', '0', '1472650145606', '1', '0', 'upload/news/pic/20160831/211900997.jpg', '2016-08-18 23:05:14', '2016-08-31 21:29:06'), ('3', '90家物流企业半年报透视：有的赚了27倍，有的亏了90倍', '<p style=\"margin-top: 0px; margin-bottom: 0px; padding: 0px; font-family: 宋体, Arial, Helvetica, sans-serif; color: rgb(105, 105, 105); font-size: 14px; line-height: 25px; text-indent: 28px; white-space: normal; background-color: rgb(248, 251, 255);\">中报披露季已接近尾声，万联网整理了90家新三板物流企业的中报，有的企业赚得盆满钵满，有的企业却亏得一塌糊涂。 　</p><p style=\"margin-top: 0px; margin-bottom: 0px; padding: 0px; font-family: 宋体, Arial, Helvetica, sans-serif; color: rgb(105, 105, 105); font-size: 14px; line-height: 25px; text-indent: 28px; white-space: normal; background-color: rgb(248, 251, 255);\">仅从这90家物流企业看，有55家净利润同比增长，海航冷链以2659.16%的增长率居于榜首，同样的，我们也能看到，净利润同比下滑1000%以上的公司只有1家，那就是滴滴集运，增长率居然达到-9128.36%！滴滴集运表示，净利润之所以大幅减少，是由于在完成新三板挂牌过程中及挂牌后发生的券商、审计、律师费用，以及规范企业经营过程中新增人员薪酬支出等管理费用的大幅增加。</p><p style=\"margin-top: 0px; margin-bottom: 0px; padding: 0px; font-family: 宋体, Arial, Helvetica, sans-serif; color: rgb(105, 105, 105); font-size: 14px; line-height: 25px; text-indent: 28px; white-space: normal; background-color: rgb(248, 251, 255);\">反观海航冷链，这简直是一个化腐朽为神奇的故事。2012年，海航冷链收入5522万，亏损636万；2013年收入6608万，亏损137万；2014年营业收入1.25亿元，净利润11.2万，扣非后亏损133万。</p><p style=\"margin-top: 0px; margin-bottom: 0px; padding: 0px; font-family: 宋体, Arial, Helvetica, sans-serif; color: rgb(105, 105, 105); font-size: 14px; line-height: 25px; text-indent: 28px; white-space: normal; background-color: rgb(248, 251, 255);\">2015年1月，海航冷链完成挂牌。6个月后，公司完成一笔17亿元的融资，17个亿相当于什么？相当于挂牌时海航冷链净资产的70倍！</p><p style=\"margin-top: 0px; margin-bottom: 0px; padding: 0px; font-family: 宋体, Arial, Helvetica, sans-serif; color: rgb(105, 105, 105); font-size: 14px; line-height: 25px; text-indent: 28px; white-space: normal; background-color: rgb(248, 251, 255);\">有钱之后，海航冷链开展了大量的上下游布局。2015年10月30日，海航冷链宣布与海航物流旗下恒运投资控股共同出资3亿美元在上海自贸区设立海冷融资租赁有限公司，其中海航物流出资2.25亿美元，占75%股份。借此，海航冷链进入金融业务。</p><p style=\"margin-top: 0px; margin-bottom: 0px; padding: 0px; font-family: 宋体, Arial, Helvetica, sans-serif; color: rgb(105, 105, 105); font-size: 14px; line-height: 25px; text-indent: 28px; white-space: normal; background-color: rgb(248, 251, 255);\">2015年11月，海航冷链宣布重大资产重组，宣布以不超过1.92亿元获得河南冰熊30%的股权，以不超过1.54亿元的代价获得华人供应链34%的股权。通过并购，公司试图改善经营状况和盈利能力。</p><p style=\"margin-top: 0px; margin-bottom: 0px; padding: 0px; font-family: 宋体, Arial, Helvetica, sans-serif; color: rgb(105, 105, 105); font-size: 14px; line-height: 25px; text-indent: 28px; white-space: normal; background-color: rgb(248, 251, 255);\">2015年12月30号，海航冷链发布《战略发展规划》，宣布要从“第三方冷链物流仓储、运输、配送服务和解决方案的提供商”向“全球化产、融、信一体的冷链产业集成服务商”转变。</p><p style=\"margin-top: 0px; margin-bottom: 0px; padding: 0px; font-family: 宋体, Arial, Helvetica, sans-serif; color: rgb(105, 105, 105); font-size: 14px; line-height: 25px; text-indent: 28px; white-space: normal; background-color: rgb(248, 251, 255);\">至此，我们看到海航冷链的增长率居高不下也不奇怪了，毕竟，有钱，一切皆有可能。</p><p><br/></p>', '1472650211913', '0', '0', '1472650219920', '1', '0', 'upload/news/pic/20160831/213009430.jpg', '2016-08-31 21:30:12', '2016-08-31 21:30:12'), ('4', '互联网+时代，电子商务物流服务谁主沉浮？', '<p style=\"margin: 20px auto 0px; padding: 0px; line-height: 25px; text-indent: 2em; color: rgb(51, 51, 51); font-family: 宋体, &quot;Arial Narrow&quot;; font-size: 14px; white-space: normal;\">2015年12月19日，由工信部、商务部、中国电子商务协会指导，中国电子商务协会物流专业委员会主办、中国电子商务物流企业联盟承办，北京市大兴区人民政府、江苏省海门市人民政府协办的“2015第五届中国电子商务与物流企业家年会暨电子商务物流产业生态圈千人联谊会”在北京举行。</p><center style=\"color: rgb(51, 51, 51); font-family: 宋体, &quot;Arial Narrow&quot;; font-size: 14px; line-height: 25px; white-space: normal;\"><img alt=\"\" src=\"http://news.chinawutong.com/uploads/allimg/151224/18-151224104601X7.png\" style=\"border: 0px; width: 553px; height: 369px;\"/></center><p style=\"margin: 20px auto 0px; padding: 0px; line-height: 25px; text-indent: 2em; color: rgb(51, 51, 51); font-family: 宋体, &quot;Arial Narrow&quot;; font-size: 14px; white-space: normal;\">全国政协委员(中国快递协会会长高宏峰)、商务部相关同志、中国标准化研究院党委书记兼副院长王宗龄、中国社科院信息化研究中心秘书长姜奇平、中国电子商务协会副理事长陈震、中国电子商务物流企业联盟名誉会长兼专家委员会主任(原国家邮政局政策法规司司长)达瓦、中国电子商务物流企业联盟会长(阿里巴巴集团副总裁)高红冰、中国电子商务物流企业联盟顾问(宅急送快运股份有限公司监事会主席)陈显宝、中国口岸协会副会长兼秘书长赵福地、国务院发展研究中心产业经济研究部研究员(博士生导师)魏际刚等领导和专家出席了大会。</p><p style=\"margin: 20px auto 0px; padding: 0px; line-height: 25px; text-indent: 2em; color: rgb(51, 51, 51); font-family: 宋体, &quot;Arial Narrow&quot;; font-size: 14px; white-space: normal; text-align: center;\"><img alt=\"\" src=\"http://news.chinawutong.com/uploads/allimg/151224/18-151224104G43R.png\" style=\"border: 0px; width: 554px; height: 368px;\"/></p><p style=\"margin: 20px auto 0px; padding: 0px; line-height: 25px; text-indent: 2em; color: rgb(51, 51, 51); font-family: 宋体, &quot;Arial Narrow&quot;; font-size: 14px; white-space: normal;\">会议围绕“共建互联网+时代背景下的电子商务物流服务生态圈”主题展开讨论，共商中国电子商务物流行业未来及“十三五”期间的发展特点及方向，来自全国各地数百家物流企业 、电商企业、快递企业千余名代表参加了本次会议。</p><center style=\"color: rgb(51, 51, 51); font-family: 宋体, &quot;Arial Narrow&quot;; font-size: 14px; line-height: 25px; white-space: normal;\"><img alt=\"\" src=\"http://news.chinawutong.com/uploads/allimg/151224/18-151224104H62M.png\" style=\"border: 0px;\"/></center><p style=\"margin: 20px auto 0px; padding: 0px; line-height: 25px; text-indent: 2em; color: rgb(51, 51, 51); font-family: 宋体, &quot;Arial Narrow&quot;; font-size: 14px; white-space: normal;\">作为电子商务物流行业的最高规格年度盛会，大会由全国政协委员、中国快递协会会长高宏峰致开幕词。高会长强调电商与物流快递的发展是相互依存、互为支撑，是产业上下游关系密切的参与主题。随着二者合作日趋紧密、关联领域不断拓展，呈现出具有中国特色的互利共赢的和谐一面，这是电子商务和快递物流，大家携手共同创造出的创新发展的一种新业态。深入探讨行业发展方向、 服务创新、产业融合等问题，鼓励快递与电子商务的深度融合与联动发展、创新快递与电子商务互利共盈的协同机制，推进快递与电子商务的协同发展。</p><p style=\"margin: 20px auto 0px; padding: 0px; line-height: 25px; text-indent: 2em; color: rgb(51, 51, 51); font-family: 宋体, &quot;Arial Narrow&quot;; font-size: 14px; white-space: normal;\">中国标准化研究院党委书记、副院长王宗龄女士认为，对于电子商务物流发展而言，标准能够形成市场竞争的有效规则，能够促进先进技术和理念在电子商务物流行业中的扩散和应用，能够提升广大电子商务物流企业核心竞争力，能够同动电子商务物流创新、协调、绿色、开放、共享发展。因此标准化对服务和支撑电子商务物流发展起了重要的技术基础作用。</p><p style=\"margin: 20px auto 0px; padding: 0px; line-height: 25px; text-indent: 2em; color: rgb(51, 51, 51); font-family: 宋体, &quot;Arial Narrow&quot;; font-size: 14px; white-space: normal;\">中国社会科学院信息化研究中心秘书长姜奇平认为，未来的十年，基本面就是分享经济。分享经济把美国、中国等互联最新的潮流与政府的意志高度结合， 会出现新产业的大概率。未来，核心消费不同的增长经济将会和平台经济融为一体，并成为一个很大的趋向。电商物流和国民经济的融合，是互联网+的第一重含义，而分享经济要实现的就是电商物流整合在一起。</p><p style=\"margin: 20px auto 0px; padding: 0px; line-height: 25px; text-indent: 2em; color: rgb(51, 51, 51); font-family: 宋体, &quot;Arial Narrow&quot;; font-size: 14px; white-space: normal;\">中国电子商务物流企业联盟会长、阿里巴巴集团副总裁高红冰提出了电商物流未来发展趋势提出了五个核心观点：第一，电商物流的移动化、数据化、平台化发展趋势;第二，电商物流呈现“走出去”和“落下来”趋势，就是指全球化和农村化;第三，是电商物流呈现园区化发展趋势;第四，需求侧供应链再造促进供给侧改革;第五，商业基础设施的个人化、应用化。</p><p style=\"margin: 20px auto 0px; padding: 0px; line-height: 25px; text-indent: 2em; color: rgb(51, 51, 51); font-family: 宋体, &quot;Arial Narrow&quot;; font-size: 14px; white-space: normal;\">国务院发展研究中心产业经济研究部研究员、博士生导师魏际刚从中国的宏观经济和产业升级战略角度阐述，中国的产业升级战略如果要做得更好，需要有全球视角、战略思维、要结合国情，特别是要把中国的产业发展放在人类文明的大潮中加以考虑。</p><p style=\"margin: 20px auto 0px; padding: 0px; line-height: 25px; text-indent: 2em; color: rgb(51, 51, 51); font-family: 宋体, &quot;Arial Narrow&quot;; font-size: 14px; white-space: normal;\">第一，要把握工业化的浪潮、信息化的浪潮、全球化的浪潮;第二，要把握新的、平的、快的三个世界。目前，中国经济面临的五大风险分别是：经济下行带来通货紧缩、产业风险、外部风险、人口老龄化、财政风险。魏教授认为， 坚持以需求为导向，以市场为核心;创新驱动，协调发展，实现强、智、 绿、 联、特。最终把中国的产业植根世界。</p><center style=\"color: rgb(51, 51, 51); font-family: 宋体, &quot;Arial Narrow&quot;; font-size: 14px; line-height: 25px; white-space: normal;\"><img alt=\"\" src=\"http://news.chinawutong.com/uploads/allimg/151224/18-151224104J0b4.png\" style=\"border: 0px; width: 553px; height: 369px;\"/><br/><br/><img alt=\"\" src=\"http://news.chinawutong.com/uploads/allimg/151224/18-151224104K0424.png\" style=\"border: 0px; width: 553px; height: 371px;\"/></center><p style=\"margin: 20px auto 0px; padding: 0px; line-height: 25px; text-indent: 2em; color: rgb(51, 51, 51); font-family: 宋体, &quot;Arial Narrow&quot;; font-size: 14px; white-space: normal;\">在大会“本地生活末端服务生态圈”论坛上，行业专家与优秀企业家们深入探讨、各抒己见，展开了热烈的讨论。中国物通网总裁贾信河就如何“打造便民、高效、协同‘本地高品质生活服务圈’”进行了精彩发言，物通网创新的“一站式发货服务”为发货企业提供一站式、门到门的全链条透明化物流服务，对打造“本地高品质生活服务圈”有着重要的促进意义。贾信河先生独到的观点和对行业的精辟分析获得了与会专家的一致认可和赞同。</p><center style=\"color: rgb(51, 51, 51); font-family: 宋体, &quot;Arial Narrow&quot;; font-size: 14px; line-height: 25px; white-space: normal;\"><img alt=\"\" src=\"http://news.chinawutong.com/uploads/allimg/151224/18-151224104Q3344.png\" style=\"border: 0px; width: 549px; height: 367px;\"/></center><center style=\"color: rgb(51, 51, 51); font-family: 宋体, &quot;Arial Narrow&quot;; font-size: 14px; line-height: 25px; white-space: normal;\"><br/><img alt=\"\" src=\"http://news.chinawutong.com/uploads/allimg/151224/18-151224104R4Q6.png\" style=\"border: 0px; width: 552px; height: 365px;\"/></center><p style=\"margin: 20px auto 0px; padding: 0px; line-height: 25px; text-indent: 2em; color: rgb(51, 51, 51); font-family: 宋体, &quot;Arial Narrow&quot;; font-size: 14px; white-space: normal;\">2015年，谁是中国电子商务物流服务中的佼佼者?大会评选出了“2015年度中国电子商务物流综合服务五十强”企业，天地华宇、中铁物流、中国物通网、 乾龙物流等一批优秀电子商务物流服务企业获此殊荣。</p><p style=\"margin: 20px auto 0px; padding: 0px; line-height: 25px; text-indent: 2em; color: rgb(51, 51, 51); font-family: 宋体, &quot;Arial Narrow&quot;; font-size: 14px; white-space: normal;\">在获奖企业中，众多物流企业名单中的中国物通网显得与众不同。不同于一般的物流企业，中国物通网作为国内首屈一指的物流信息服务平台，为中国电子商务物流企业提供多元化、全方位的物流信息化综合服务，在中国电子商务物流信息化服务方面取得的成绩获得了行业权威的高度认可。</p><p style=\"margin: 20px auto 0px; padding: 0px; line-height: 25px; text-indent: 2em; color: rgb(51, 51, 51); font-family: 宋体, &quot;Arial Narrow&quot;; font-size: 14px; white-space: normal;\">据了解，中国物通网成立于2008年，致力于为物流企业量身制作所需的信息化管理系统、货物跟踪查询系统、电子商务网站、 北斗/GPS智能监控平台等一系列IT服务产品。截止2015年9月，中国物通网累计服务物流及快递行业客户300万余家，在电子商务物流综合服务方面积累了丰富的经验。凭借雄厚的企业实力 、领先的产品理念与完善的服务体系，中国物通网在中国物流信息化服务行业一直处于领先地位。</p><p><br/></p>', '1472650460459', '0', '0', '1472650464033', '1', '0', 'upload/news/pic/20160831/213417457.png', '2016-08-31 21:34:20', '2016-08-31 21:34:20'), ('5', '关于收费公路通行费增值税抵扣有关问题的通知', '<div style=\"margin: 0px; padding: 0px; color: rgb(105, 105, 105); font-family: STHeiti; font-size: 14px; line-height: 25px; text-indent: 28px; white-space: normal; text-align: center; background-color: rgb(248, 251, 255);\">财税[2016]86号</div><div style=\"margin: 0px; padding: 0px; color: rgb(105, 105, 105); font-family: STHeiti; font-size: 14px; line-height: 25px; text-indent: 28px; white-space: normal; background-color: rgb(248, 251, 255);\">&nbsp;</div><div style=\"margin: 0px; padding: 0px; color: rgb(105, 105, 105); font-family: STHeiti; font-size: 14px; line-height: 25px; text-indent: 28px; white-space: normal; background-color: rgb(248, 251, 255);\"><br/>各省、自治区、直辖市、计划单列市财政厅（局）、国家税务局、地方税务局，新疆生产建设兵团财务局：</div><div style=\"margin: 0px; padding: 0px; color: rgb(105, 105, 105); font-family: STHeiti; font-size: 14px; line-height: 25px; text-indent: 28px; white-space: normal; background-color: rgb(248, 251, 255);\">&nbsp;</div><div style=\"margin: 0px; padding: 0px; color: rgb(105, 105, 105); font-family: STHeiti; font-size: 14px; line-height: 25px; text-indent: 28px; white-space: normal; background-color: rgb(248, 251, 255);\">为保证营业税改征增值税试点的平稳运行，现将收费公路通行费增值税抵扣有关问题通知如下：</div><div style=\"margin: 0px; padding: 0px; color: rgb(105, 105, 105); font-family: STHeiti; font-size: 14px; line-height: 25px; text-indent: 28px; white-space: normal; background-color: rgb(248, 251, 255);\">&nbsp;</div><div style=\"margin: 0px; padding: 0px; color: rgb(105, 105, 105); font-family: STHeiti; font-size: 14px; line-height: 25px; text-indent: 28px; white-space: normal; background-color: rgb(248, 251, 255);\">一、增值税一般纳税人支付的道路、桥、闸通行费，暂凭取得的通行费发票（不含财政票据，下同）上注明的收费金额按照下列公式计算可抵扣的进项税额：</div><div style=\"margin: 0px; padding: 0px; color: rgb(105, 105, 105); font-family: STHeiti; font-size: 14px; line-height: 25px; text-indent: 28px; white-space: normal; background-color: rgb(248, 251, 255);\">&nbsp;</div><div style=\"margin: 0px; padding: 0px; color: rgb(105, 105, 105); font-family: STHeiti; font-size: 14px; line-height: 25px; text-indent: 28px; white-space: normal; background-color: rgb(248, 251, 255);\">高速公路通行费可抵扣进项税额=高速公路通行费发票上注明的金额÷（1+3%）×3%</div><div style=\"margin: 0px; padding: 0px; color: rgb(105, 105, 105); font-family: STHeiti; font-size: 14px; line-height: 25px; text-indent: 28px; white-space: normal; background-color: rgb(248, 251, 255);\">&nbsp;</div><div style=\"margin: 0px; padding: 0px; color: rgb(105, 105, 105); font-family: STHeiti; font-size: 14px; line-height: 25px; text-indent: 28px; white-space: normal; background-color: rgb(248, 251, 255);\">一级公路、二级公路、桥、闸通行费可抵扣进项税额=一级公路、二级公路、桥、闸通行费发票上注明的金额÷（1+5%）×5%</div><div style=\"margin: 0px; padding: 0px; color: rgb(105, 105, 105); font-family: STHeiti; font-size: 14px; line-height: 25px; text-indent: 28px; white-space: normal; background-color: rgb(248, 251, 255);\">&nbsp;</div><div style=\"margin: 0px; padding: 0px; color: rgb(105, 105, 105); font-family: STHeiti; font-size: 14px; line-height: 25px; text-indent: 28px; white-space: normal; background-color: rgb(248, 251, 255);\">通行费，是指有关单位依法或者依规设立并收取的过路、过桥和过闸费用。</div><div style=\"margin: 0px; padding: 0px; color: rgb(105, 105, 105); font-family: STHeiti; font-size: 14px; line-height: 25px; text-indent: 28px; white-space: normal; background-color: rgb(248, 251, 255);\">&nbsp;</div><div style=\"margin: 0px; padding: 0px; color: rgb(105, 105, 105); font-family: STHeiti; font-size: 14px; line-height: 25px; text-indent: 28px; white-space: normal; background-color: rgb(248, 251, 255);\">二、本通知自2016年8月1日起执行，停止执行时间另行通知。</div><div style=\"margin: 0px; padding: 0px; color: rgb(105, 105, 105); font-family: STHeiti; font-size: 14px; line-height: 25px; text-indent: 28px; white-space: normal; background-color: rgb(248, 251, 255);\">&nbsp;</div><div style=\"margin: 0px; padding: 0px; color: rgb(105, 105, 105); font-family: STHeiti; font-size: 14px; line-height: 25px; text-indent: 28px; white-space: normal; text-align: right; background-color: rgb(248, 251, 255);\">财政部 &nbsp; &nbsp;国家税务总局</div><div style=\"margin: 0px; padding: 0px; color: rgb(105, 105, 105); font-family: STHeiti; font-size: 14px; line-height: 25px; text-indent: 28px; white-space: normal; text-align: right; background-color: rgb(248, 251, 255);\">&nbsp;</div><div style=\"margin: 0px; padding: 0px; color: rgb(105, 105, 105); font-family: STHeiti; font-size: 14px; line-height: 25px; text-indent: 28px; white-space: normal; text-align: right; background-color: rgb(248, 251, 255);\">2016年8月3日</div><p><br/></p>', '1472652153622', '0', '0', '1472652157244', '1', '0', 'upload/news/pic/20160831/220230434.png', '2016-08-31 22:02:34', '2016-08-31 22:02:34');
COMMIT;

-- ----------------------------
--  Table structure for `tbl_news_title`
-- ----------------------------
DROP TABLE IF EXISTS `tbl_news_title`;
CREATE TABLE `tbl_news_title` (
  `id` bigint(20) NOT NULL AUTO_INCREMENT,
  `title` varchar(50) NOT NULL,
  `content` text NOT NULL,
  `pic` varchar(500) NOT NULL,
  `postTime` datetime NOT NULL,
  `updateTime` datetime NOT NULL,
  `status` tinyint(4) NOT NULL DEFAULT '0' COMMENT '0未发布1发布-1删除',
  PRIMARY KEY (`id`)
) ENGINE=InnoDB AUTO_INCREMENT=4 DEFAULT CHARSET=utf8mb4 COMMENT='首页滚动新闻';

-- ----------------------------
--  Records of `tbl_news_title`
-- ----------------------------
BEGIN;
INSERT INTO `tbl_news_title` VALUES ('2', '首页滚动图1', '<p>首页滚动图1</p>', 'upload/news/pic/20160829/203403235.jpg', '2016-08-29 20:34:13', '2016-08-29 20:34:13', '1'), ('3', '首页滚动图2', '<p>首页滚动图2</p>', 'upload/news/pic/20160829/203423837.jpg', '2016-08-29 20:34:32', '2016-08-29 20:34:32', '1');
COMMIT;

-- ----------------------------
--  Table structure for `tbl_online_order`
-- ----------------------------
DROP TABLE IF EXISTS `tbl_online_order`;
CREATE TABLE `tbl_online_order` (
  `id` bigint(20) NOT NULL AUTO_INCREMENT,
  `mFrom` varchar(32) NOT NULL COMMENT '从哪',
  `mTo` varchar(32) NOT NULL COMMENT '到哪',
  `linkMan` varchar(32) NOT NULL COMMENT '联系人',
  `phoneNum` varchar(11) NOT NULL COMMENT '联系电话',
  `remark` varchar(50) NOT NULL COMMENT '备注',
  `content` varchar(50) NOT NULL COMMENT '发货内容',
  `createDate` bigint(20) NOT NULL COMMENT '下单时间',
  `isLink` tinyint(4) NOT NULL DEFAULT '0' COMMENT '是否联系过 0 是没联系过 1是联系过',
  `linkResult` varchar(32) DEFAULT NULL COMMENT '联系后结果内容',
  `customer` varchar(50) NOT NULL COMMENT '客户公司',
  PRIMARY KEY (`id`)
) ENGINE=InnoDB AUTO_INCREMENT=4 DEFAULT CHARSET=utf8mb4 COMMENT='在线下单';

-- ----------------------------
--  Records of `tbl_online_order`
-- ----------------------------
BEGIN;
INSERT INTO `tbl_online_order` VALUES ('1', '西安', '上海', '白小白', '18691832028', '1000吨大米', '大米', '1472570188500', '0', null, ''), ('2', '西安', '绍兴', '白晓斌', '18691832028', '电话联系我哦', '土豆900吨', '1473166848501', '0', null, ''), ('3', 'dd', '11', '11', '18691832028', '11', '11', '1473342963824', '0', null, '11');
COMMIT;

-- ----------------------------
--  Table structure for `tbl_order`
-- ----------------------------
DROP TABLE IF EXISTS `tbl_order`;
CREATE TABLE `tbl_order` (
  `id` bigint(20) NOT NULL AUTO_INCREMENT,
  `orderId` varchar(32) NOT NULL COMMENT '订单id',
  `orderTime` datetime NOT NULL COMMENT '订单时间',
  `mFrom` varchar(32) NOT NULL COMMENT '发货地 ',
  `mTo` varchar(32) NOT NULL COMMENT '目的地',
  `content` varchar(50) NOT NULL COMMENT '货物内容',
  `price` double DEFAULT NULL COMMENT '价钱',
  `carrier` varchar(32) DEFAULT NULL COMMENT '承运人',
  `linkPhone` varchar(11) DEFAULT NULL,
  `status` tinyint(4) NOT NULL DEFAULT '0' COMMENT '状态 0 正常正在运输  1已经结束',
  `createDate` bigint(20) DEFAULT NULL COMMENT '下单时间',
  `lastModDate` bigint(20) NOT NULL COMMENT '最后修改时间',
  PRIMARY KEY (`id`)
) ENGINE=InnoDB AUTO_INCREMENT=7 DEFAULT CHARSET=utf8mb4 COMMENT='运单表';

-- ----------------------------
--  Records of `tbl_order`
-- ----------------------------
BEGIN;
INSERT INTO `tbl_order` VALUES ('3', '32222222222222', '2016-08-13 22:57:06', '西安', '上海', '', '3232', '', '', '1', '1471100226359', '1471100226357'), ('4', '20160814000100', '2016-08-14 11:03:33', '西安', '上海', '11111111111', '1111', '李大师', '18691832028', '1', '1471143873880', '1471143873877'), ('5', '20160814000101', '2016-08-14 11:53:33', '西安', '横山', '炮弹', '3000', '里瓦斯', '18691832028', '1', '1471146849586', '1471146849569'), ('6', '20160814000110', '2016-08-29 20:58:02', '西安', '上海', 'www', '2300', '李大师', '18691832028', '0', '1472475481702', '1472475481688');
COMMIT;

-- ----------------------------
--  Table structure for `tbl_s_city`
-- ----------------------------
DROP TABLE IF EXISTS `tbl_s_city`;
CREATE TABLE `tbl_s_city` (
  `CityID` bigint(20) NOT NULL,
  `CityName` varchar(50) DEFAULT NULL,
  `ZipCode` varchar(50) DEFAULT NULL,
  `ProvinceID` bigint(20) DEFAULT NULL,
  `DateCreated` datetime DEFAULT NULL,
  `DateUpdated` datetime DEFAULT NULL,
  PRIMARY KEY (`CityID`)
) ENGINE=MyISAM DEFAULT CHARSET=utf8 COMMENT='城市';

-- ----------------------------
--  Records of `tbl_s_city`
-- ----------------------------
BEGIN;
INSERT INTO `tbl_s_city` VALUES ('1', '北京市', '100000', '1', null, null), ('2', '天津市', '100000', '2', null, null), ('3', '石家庄市', '050000', '3', null, null), ('4', '唐山市', '063000', '3', null, null), ('5', '秦皇岛市', '066000', '3', null, null), ('6', '邯郸市', '056000', '3', null, null), ('7', '邢台市', '054000', '3', null, null), ('8', '保定市', '071000', '3', null, null), ('9', '张家口市', '075000', '3', null, null), ('10', '承德市', '067000', '3', null, null), ('11', '沧州市', '061000', '3', null, null), ('12', '廊坊市', '065000', '3', null, null), ('13', '衡水市', '053000', '3', null, null), ('14', '太原市', '030000', '4', null, null), ('15', '大同市', '037000', '4', null, null), ('16', '阳泉市', '045000', '4', null, null), ('17', '长治市', '046000', '4', null, null), ('18', '晋城市', '048000', '4', null, null), ('19', '朔州市', '036000', '4', null, null), ('20', '晋中市', '030600', '4', null, null), ('21', '运城市', '044000', '4', null, null), ('22', '忻州市', '034000', '4', null, null), ('23', '临汾市', '041000', '4', null, null), ('24', '吕梁市', '030500', '4', null, null), ('25', '呼和浩特市', '010000', '5', null, null), ('26', '包头市', '014000', '5', null, null), ('27', '乌海市', '016000', '5', null, null), ('28', '赤峰市', '024000', '5', null, null), ('29', '通辽市', '028000', '5', null, null), ('30', '鄂尔多斯市', '010300', '5', null, null), ('31', '呼伦贝尔市', '021000', '5', null, null), ('32', '巴彦淖尔市', '014400', '5', null, null), ('33', '乌兰察布市', '011800', '5', null, null), ('34', '兴安盟', '137500', '5', null, null), ('35', '锡林郭勒盟', '011100', '5', null, null), ('36', '阿拉善盟', '016000', '5', null, null), ('37', '沈阳市', '110000', '6', null, null), ('38', '大连市', '116000', '6', null, null), ('39', '鞍山市', '114000', '6', null, null), ('40', '抚顺市', '113000', '6', null, null), ('41', '本溪市', '117000', '6', null, null), ('42', '丹东市', '118000', '6', null, null), ('43', '锦州市', '121000', '6', null, null), ('44', '营口市', '115000', '6', null, null), ('45', '阜新市', '123000', '6', null, null), ('46', '辽阳市', '111000', '6', null, null), ('47', '盘锦市', '124000', '6', null, null), ('48', '铁岭市', '112000', '6', null, null), ('49', '朝阳市', '122000', '6', null, null), ('50', '葫芦岛市', '125000', '6', null, null), ('51', '长春市', '130000', '7', null, null), ('52', '吉林市', '132000', '7', null, null), ('53', '四平市', '136000', '7', null, null), ('54', '辽源市', '136200', '7', null, null), ('55', '通化市', '134000', '7', null, null), ('56', '白山市', '134300', '7', null, null), ('57', '松原市', '131100', '7', null, null), ('58', '白城市', '137000', '7', null, null), ('59', '延边朝鲜族自治州', '133000', '7', null, null), ('60', '哈尔滨市', '150000', '8', null, null), ('61', '齐齐哈尔市', '161000', '8', null, null), ('62', '鸡西市', '158100', '8', null, null), ('63', '鹤岗市', '154100', '8', null, null), ('64', '双鸭山市', '155100', '8', null, null), ('65', '大庆市', '163000', '8', null, null), ('66', '伊春市', '152300', '8', null, null), ('67', '佳木斯市', '154000', '8', null, null), ('68', '七台河市', '154600', '8', null, null), ('69', '牡丹江市', '157000', '8', null, null), ('70', '黑河市', '164300', '8', null, null), ('71', '绥化市', '152000', '8', null, null), ('72', '大兴安岭地区', '165000', '8', null, null), ('73', '上海市', '200000', '9', null, null), ('74', '南京市', '210000', '10', null, null), ('75', '无锡市', '214000', '10', null, null), ('76', '徐州市', '221000', '10', null, null), ('77', '常州市', '213000', '10', null, null), ('78', '苏州市', '215000', '10', null, null), ('79', '南通市', '226000', '10', null, null), ('80', '连云港市', '222000', '10', null, null), ('81', '淮安市', '223200', '10', null, null), ('82', '盐城市', '224000', '10', null, null), ('83', '扬州市', '225000', '10', null, null), ('84', '镇江市', '212000', '10', null, null), ('85', '泰州市', '225300', '10', null, null), ('86', '宿迁市', '223800', '10', null, null), ('87', '杭州市', '310000', '11', null, null), ('88', '宁波市', '315000', '11', null, null), ('89', '温州市', '325000', '11', null, null), ('90', '嘉兴市', '314000', '11', null, null), ('91', '湖州市', '313000', '11', null, null), ('92', '绍兴市', '312000', '11', null, null), ('93', '金华市', '321000', '11', null, null), ('94', '衢州市', '324000', '11', null, null), ('95', '舟山市', '316000', '11', null, null), ('96', '台州市', '318000', '11', null, null), ('97', '丽水市', '323000', '11', null, null), ('98', '合肥市', '230000', '12', null, null), ('99', '芜湖市', '241000', '12', null, null), ('100', '蚌埠市', '233000', '12', null, null), ('101', '淮南市', '232000', '12', null, null), ('102', '马鞍山市', '243000', '12', null, null), ('103', '淮北市', '235000', '12', null, null), ('104', '铜陵市', '244000', '12', null, null), ('105', '安庆市', '246000', '12', null, null), ('106', '黄山市', '242700', '12', null, null), ('107', '滁州市', '239000', '12', null, null), ('108', '阜阳市', '236100', '12', null, null), ('109', '宿州市', '234100', '12', null, null), ('110', '巢湖市', '238000', '12', null, null), ('111', '六安市', '237000', '12', null, null), ('112', '亳州市', '236800', '12', null, null), ('113', '池州市', '247100', '12', null, null), ('114', '宣城市', '366000', '12', null, null), ('115', '福州市', '350000', '13', null, null), ('116', '厦门市', '361000', '13', null, null), ('117', '莆田市', '351100', '13', null, null), ('118', '三明市', '365000', '13', null, null), ('119', '泉州市', '362000', '13', null, null), ('120', '漳州市', '363000', '13', null, null), ('121', '南平市', '353000', '13', null, null), ('122', '龙岩市', '364000', '13', null, null), ('123', '宁德市', '352100', '13', null, null), ('124', '南昌市', '330000', '14', null, null), ('125', '景德镇市', '333000', '14', null, null), ('126', '萍乡市', '337000', '14', null, null), ('127', '九江市', '332000', '14', null, null), ('128', '新余市', '338000', '14', null, null), ('129', '鹰潭市', '335000', '14', null, null), ('130', '赣州市', '341000', '14', null, null), ('131', '吉安市', '343000', '14', null, null), ('132', '宜春市', '336000', '14', null, null), ('133', '抚州市', '332900', '14', null, null), ('134', '上饶市', '334000', '14', null, null), ('135', '济南市', '250000', '15', null, null), ('136', '青岛市', '266000', '15', null, null), ('137', '淄博市', '255000', '15', null, null), ('138', '枣庄市', '277100', '15', null, null), ('139', '东营市', '257000', '15', null, null), ('140', '烟台市', '264000', '15', null, null), ('141', '潍坊市', '261000', '15', null, null), ('142', '济宁市', '272100', '15', null, null), ('143', '泰安市', '271000', '15', null, null), ('144', '威海市', '265700', '15', null, null), ('145', '日照市', '276800', '15', null, null), ('146', '莱芜市', '271100', '15', null, null), ('147', '临沂市', '276000', '15', null, null), ('148', '德州市', '253000', '15', null, null), ('149', '聊城市', '252000', '15', null, null), ('150', '滨州市', '256600', '15', null, null), ('151', '荷泽市', '255000', '15', null, null), ('152', '郑州市', '450000', '16', null, null), ('153', '开封市', '475000', '16', null, null), ('154', '洛阳市', '471000', '16', null, null), ('155', '平顶山市', '467000', '16', null, null), ('156', '安阳市', '454900', '16', null, null), ('157', '鹤壁市', '456600', '16', null, null), ('158', '新乡市', '453000', '16', null, null), ('159', '焦作市', '454100', '16', null, null), ('160', '濮阳市', '457000', '16', null, null), ('161', '许昌市', '461000', '16', null, null), ('162', '漯河市', '462000', '16', null, null), ('163', '三门峡市', '472000', '16', null, null), ('164', '南阳市', '473000', '16', null, null), ('165', '商丘市', '476000', '16', null, null), ('166', '信阳市', '464000', '16', null, null), ('167', '周口市', '466000', '16', null, null), ('168', '驻马店市', '463000', '16', null, null), ('169', '武汉市', '430000', '17', null, null), ('170', '黄石市', '435000', '17', null, null), ('171', '十堰市', '442000', '17', null, null), ('172', '宜昌市', '443000', '17', null, null), ('173', '襄樊市', '441000', '17', null, null), ('174', '鄂州市', '436000', '17', null, null), ('175', '荆门市', '448000', '17', null, null), ('176', '孝感市', '432100', '17', null, null), ('177', '荆州市', '434000', '17', null, null), ('178', '黄冈市', '438000', '17', null, null), ('179', '咸宁市', '437000', '17', null, null), ('180', '随州市', '441300', '17', null, null), ('181', '恩施土家族苗族自治州', '445000', '17', null, null), ('182', '神农架', '442400', '17', null, null), ('183', '长沙市', '410000', '18', null, null), ('184', '株洲市', '412000', '18', null, null), ('185', '湘潭市', '411100', '18', null, null), ('186', '衡阳市', '421000', '18', null, null), ('187', '邵阳市', '422000', '18', null, null), ('188', '岳阳市', '414000', '18', null, null), ('189', '常德市', '415000', '18', null, null), ('190', '张家界市', '427000', '18', null, null), ('191', '益阳市', '413000', '18', null, null), ('192', '郴州市', '423000', '18', null, null), ('193', '永州市', '425000', '18', null, null), ('194', '怀化市', '418000', '18', null, null), ('195', '娄底市', '417000', '18', null, null), ('196', '湘西土家族苗族自治州', '416000', '18', null, null), ('197', '广州市', '510000', '19', null, null), ('198', '韶关市', '521000', '19', null, null), ('199', '深圳市', '518000', '19', null, null), ('200', '珠海市', '519000', '19', null, null), ('201', '汕头市', '515000', '19', null, null), ('202', '佛山市', '528000', '19', null, null), ('203', '江门市', '529000', '19', null, null), ('204', '湛江市', '524000', '19', null, null), ('205', '茂名市', '525000', '19', null, null), ('206', '肇庆市', '526000', '19', null, null), ('207', '惠州市', '516000', '19', null, null), ('208', '梅州市', '514000', '19', null, null), ('209', '汕尾市', '516600', '19', null, null), ('210', '河源市', '517000', '19', null, null), ('211', '阳江市', '529500', '19', null, null), ('212', '清远市', '511500', '19', null, null), ('213', '东莞市', '511700', '19', null, null), ('214', '中山市', '528400', '19', null, null), ('215', '潮州市', '515600', '19', null, null), ('216', '揭阳市', '522000', '19', null, null), ('217', '云浮市', '527300', '19', null, null), ('218', '南宁市', '530000', '20', null, null), ('219', '柳州市', '545000', '20', null, null), ('220', '桂林市', '541000', '20', null, null), ('221', '梧州市', '543000', '20', null, null), ('222', '北海市', '536000', '20', null, null), ('223', '防城港市', '538000', '20', null, null), ('224', '钦州市', '535000', '20', null, null), ('225', '贵港市', '537100', '20', null, null), ('226', '玉林市', '537000', '20', null, null), ('227', '百色市', '533000', '20', null, null), ('228', '贺州市', '542800', '20', null, null), ('229', '河池市', '547000', '20', null, null), ('230', '来宾市', '546100', '20', null, null), ('231', '崇左市', '532200', '20', null, null), ('232', '海口市', '570000', '21', null, null), ('233', '三亚市', '572000', '21', null, null), ('234', '重庆市', '400000', '22', null, null), ('235', '成都市', '610000', '23', null, null), ('236', '自贡市', '643000', '23', null, null), ('237', '攀枝花市', '617000', '23', null, null), ('238', '泸州市', '646100', '23', null, null), ('239', '德阳市', '618000', '23', null, null), ('240', '绵阳市', '621000', '23', null, null), ('241', '广元市', '628000', '23', null, null), ('242', '遂宁市', '629000', '23', null, null), ('243', '内江市', '641000', '23', null, null), ('244', '乐山市', '614000', '23', null, null), ('245', '南充市', '637000', '23', null, null), ('246', '眉山市', '612100', '23', null, null), ('247', '宜宾市', '644000', '23', null, null), ('248', '广安市', '638000', '23', null, null), ('249', '达州市', '635000', '23', null, null), ('250', '雅安市', '625000', '23', null, null), ('251', '巴中市', '635500', '23', null, null), ('252', '资阳市', '641300', '23', null, null), ('253', '阿坝藏族羌族自治州', '624600', '23', null, null), ('254', '甘孜藏族自治州', '626000', '23', null, null), ('255', '凉山彝族自治州', '615000', '23', null, null), ('256', '贵阳市', '55000', '24', null, null), ('257', '六盘水市', '553000', '24', null, null), ('258', '遵义市', '563000', '24', null, null), ('259', '安顺市', '561000', '24', null, null), ('260', '铜仁地区', '554300', '24', null, null), ('261', '黔西南布依族苗族自治州', '551500', '24', null, null), ('262', '毕节地区', '551700', '24', null, null), ('263', '黔东南苗族侗族自治州', '551500', '24', null, null), ('264', '黔南布依族苗族自治州', '550100', '24', null, null), ('265', '昆明市', '650000', '25', null, null), ('266', '曲靖市', '655000', '25', null, null), ('267', '玉溪市', '653100', '25', null, null), ('268', '保山市', '678000', '25', null, null), ('269', '昭通市', '657000', '25', null, null), ('270', '丽江市', '674100', '25', null, null), ('271', '思茅市', '665000', '25', null, null), ('272', '临沧市', '677000', '25', null, null), ('273', '楚雄彝族自治州', '675000', '25', null, null), ('274', '红河哈尼族彝族自治州', '654400', '25', null, null), ('275', '文山壮族苗族自治州', '663000', '25', null, null), ('276', '西双版纳傣族自治州', '666200', '25', null, null), ('277', '大理白族自治州', '671000', '25', null, null), ('278', '德宏傣族景颇族自治州', '678400', '25', null, null), ('279', '怒江傈僳族自治州', '671400', '25', null, null), ('280', '迪庆藏族自治州', '674400', '25', null, null), ('281', '拉萨市', '850000', '26', null, null), ('282', '昌都地区', '854000', '26', null, null), ('283', '山南地区', '856000', '26', null, null), ('284', '日喀则地区', '857000', '26', null, null), ('285', '那曲地区', '852000', '26', null, null), ('286', '阿里地区', '859100', '26', null, null), ('287', '林芝地区', '860100', '26', null, null), ('288', '西安市', '710000', '27', null, null), ('289', '铜川市', '727000', '27', null, null), ('290', '宝鸡市', '721000', '27', null, null), ('291', '咸阳市', '712000', '27', null, null), ('292', '渭南市', '714000', '27', null, null), ('293', '延安市', '716000', '27', null, null), ('294', '汉中市', '723000', '27', null, null), ('295', '榆林市', '719000', '27', null, null), ('296', '安康市', '725000', '27', null, null), ('297', '商洛市', '711500', '27', null, null), ('298', '兰州市', '730000', '28', null, null), ('299', '嘉峪关市', '735100', '28', null, null), ('300', '金昌市', '737100', '28', null, null), ('301', '白银市', '730900', '28', null, null), ('302', '天水市', '741000', '28', null, null), ('303', '武威市', '733000', '28', null, null), ('304', '张掖市', '734000', '28', null, null), ('305', '平凉市', '744000', '28', null, null), ('306', '酒泉市', '735000', '28', null, null), ('307', '庆阳市', '744500', '28', null, null), ('308', '定西市', '743000', '28', null, null), ('309', '陇南市', '742100', '28', null, null), ('310', '临夏回族自治州', '731100', '28', null, null), ('311', '甘南藏族自治州', '747000', '28', null, null), ('312', '西宁市', '810000', '29', null, null), ('313', '海东地区', '810600', '29', null, null), ('314', '海北藏族自治州', '810300', '29', null, null), ('315', '黄南藏族自治州', '811300', '29', null, null), ('316', '海南藏族自治州', '813000', '29', null, null), ('317', '果洛藏族自治州', '814000', '29', null, null), ('318', '玉树藏族自治州', '815000', '29', null, null), ('319', '海西蒙古族藏族自治州', '817000', '29', null, null), ('320', '银川市', '750000', '30', null, null), ('321', '石嘴山市', '753000', '30', null, null), ('322', '吴忠市', '751100', '30', null, null), ('323', '固原市', '756000', '30', null, null), ('324', '中卫市', '751700', '30', null, null), ('325', '乌鲁木齐市', '830000', '31', null, null), ('326', '克拉玛依市', '834000', '31', null, null), ('327', '吐鲁番地区', '838000', '31', null, null), ('328', '哈密地区', '839000', '31', null, null), ('329', '昌吉回族自治州', '831100', '31', null, null), ('330', '博尔塔拉蒙古自治州', '833400', '31', null, null), ('331', '巴音郭楞蒙古自治州', '841000', '31', null, null), ('332', '阿克苏地区', '843000', '31', null, null), ('333', '克孜勒苏柯尔克孜自治州', '835600', '31', null, null), ('334', '喀什地区', '844000', '31', null, null), ('335', '和田地区', '848000', '31', null, null), ('336', '伊犁哈萨克自治州', '833200', '31', null, null), ('337', '塔城地区', '834700', '31', null, null), ('338', '阿勒泰地区', '836500', '31', null, null), ('339', '石河子市', '832000', '31', null, null), ('340', '阿拉尔市', '843300', '31', null, null), ('341', '图木舒克市', '843900', '31', null, null), ('342', '五家渠市', '831300', '31', null, null), ('343', '香港特别行政区', '000000', '32', null, null), ('344', '澳门特别行政区', '000000', '33', null, null), ('345', '台湾省', '000000', '34', null, null);
COMMIT;

-- ----------------------------
--  Table structure for `tbl_s_district`
-- ----------------------------
DROP TABLE IF EXISTS `tbl_s_district`;
CREATE TABLE `tbl_s_district` (
  `DistrictID` bigint(20) NOT NULL,
  `DistrictName` varchar(50) DEFAULT NULL,
  `CityID` bigint(20) DEFAULT NULL,
  `DateCreated` datetime DEFAULT NULL,
  `DateUpdated` datetime DEFAULT NULL,
  PRIMARY KEY (`DistrictID`)
) ENGINE=MyISAM DEFAULT CHARSET=utf8 COMMENT='市';

-- ----------------------------
--  Records of `tbl_s_district`
-- ----------------------------
BEGIN;
INSERT INTO `tbl_s_district` VALUES ('1', '东城区', '1', null, null), ('2', '西城区', '1', null, null), ('3', '崇文区', '1', null, null), ('4', '宣武区', '1', null, null), ('5', '朝阳区', '1', null, null), ('6', '丰台区', '1', null, null), ('7', '石景山区', '1', null, null), ('8', '海淀区', '1', null, null), ('9', '门头沟区', '1', null, null), ('10', '房山区', '1', null, null), ('11', '通州区', '1', null, null), ('12', '顺义区', '1', null, null), ('13', '昌平区', '1', null, null), ('14', '大兴区', '1', null, null), ('15', '怀柔区', '1', null, null), ('16', '平谷区', '1', null, null), ('17', '密云县', '1', null, null), ('18', '延庆县', '1', null, null), ('19', '和平区', '2', null, null), ('20', '河东区', '2', null, null), ('21', '河西区', '2', null, null), ('22', '南开区', '2', null, null), ('23', '河北区', '2', null, null), ('24', '红桥区', '2', null, null), ('25', '塘沽区', '2', null, null), ('26', '汉沽区', '2', null, null), ('27', '大港区', '2', null, null), ('28', '东丽区', '2', null, null), ('29', '西青区', '2', null, null), ('30', '津南区', '2', null, null), ('31', '北辰区', '2', null, null), ('32', '武清区', '2', null, null), ('33', '宝坻区', '2', null, null), ('34', '宁河县', '2', null, null), ('35', '静海县', '2', null, null), ('36', '蓟县', '2', null, null), ('37', '长安区', '3', null, null), ('38', '桥东区', '3', null, null), ('39', '桥西区', '3', null, null), ('40', '新华区', '3', null, null), ('41', '井陉矿区', '3', null, null), ('42', '裕华区', '3', null, null), ('43', '井陉县', '3', null, null), ('44', '正定县', '3', null, null), ('45', '栾城县', '3', null, null), ('46', '行唐县', '3', null, null), ('47', '灵寿县', '3', null, null), ('48', '高邑县', '3', null, null), ('49', '深泽县', '3', null, null), ('50', '赞皇县', '3', null, null), ('51', '无极县', '3', null, null), ('52', '平山县', '3', null, null), ('53', '元氏县', '3', null, null), ('54', '赵县', '3', null, null), ('55', '辛集市', '3', null, null), ('56', '藁城市', '3', null, null), ('57', '晋州市', '3', null, null), ('58', '新乐市', '3', null, null), ('59', '鹿泉市', '3', null, null), ('60', '路南区', '4', null, null), ('61', '路北区', '4', null, null), ('62', '古冶区', '4', null, null), ('63', '开平区', '4', null, null), ('64', '丰南区', '4', null, null), ('65', '丰润区', '4', null, null), ('66', '滦县', '4', null, null), ('67', '滦南县', '4', null, null), ('68', '乐亭县', '4', null, null), ('69', '迁西县', '4', null, null), ('70', '玉田县', '4', null, null), ('71', '唐海县', '4', null, null), ('72', '遵化市', '4', null, null), ('73', '迁安市', '4', null, null), ('74', '海港区', '5', null, null), ('75', '山海关区', '5', null, null), ('76', '北戴河区', '5', null, null), ('77', '青龙满族自治县', '5', null, null), ('78', '昌黎县', '5', null, null), ('79', '抚宁县', '5', null, null), ('80', '卢龙县', '5', null, null), ('81', '邯山区', '6', null, null), ('82', '丛台区', '6', null, null), ('83', '复兴区', '6', null, null), ('84', '峰峰矿区', '6', null, null), ('85', '邯郸县', '6', null, null), ('86', '临漳县', '6', null, null), ('87', '成安县', '6', null, null), ('88', '大名县', '6', null, null), ('89', '涉县', '6', null, null), ('90', '磁县', '6', null, null), ('91', '肥乡县', '6', null, null), ('92', '永年县', '6', null, null), ('93', '邱县', '6', null, null), ('94', '鸡泽县', '6', null, null), ('95', '广平县', '6', null, null), ('96', '馆陶县', '6', null, null), ('97', '魏县', '6', null, null), ('98', '曲周县', '6', null, null), ('99', '武安市', '6', null, null), ('100', '桥东区', '7', null, null), ('101', '桥西区', '7', null, null), ('102', '邢台县', '7', null, null), ('103', '临城县', '7', null, null), ('104', '内丘县', '7', null, null), ('105', '柏乡县', '7', null, null), ('106', '隆尧县', '7', null, null), ('107', '任县', '7', null, null), ('108', '南和县', '7', null, null), ('109', '宁晋县', '7', null, null), ('110', '巨鹿县', '7', null, null), ('111', '新河县', '7', null, null), ('112', '广宗县', '7', null, null), ('113', '平乡县', '7', null, null), ('114', '威县', '7', null, null), ('115', '清河县', '7', null, null), ('116', '临西县', '7', null, null), ('117', '南宫市', '7', null, null), ('118', '沙河市', '7', null, null), ('119', '新市区', '8', null, null), ('120', '北市区', '8', null, null), ('121', '南市区', '8', null, null), ('122', '满城县', '8', null, null), ('123', '清苑县', '8', null, null), ('124', '涞水县', '8', null, null), ('125', '阜平县', '8', null, null), ('126', '徐水县', '8', null, null), ('127', '定兴县', '8', null, null), ('128', '唐县', '8', null, null), ('129', '高阳县', '8', null, null), ('130', '容城县', '8', null, null), ('131', '涞源县', '8', null, null), ('132', '望都县', '8', null, null), ('133', '安新县', '8', null, null), ('134', '易县', '8', null, null), ('135', '曲阳县', '8', null, null), ('136', '蠡县', '8', null, null), ('137', '顺平县', '8', null, null), ('138', '博野县', '8', null, null), ('139', '雄县', '8', null, null), ('140', '涿州市', '8', null, null), ('141', '定州市', '8', null, null), ('142', '安国市', '8', null, null), ('143', '高碑店市', '8', null, null), ('144', '桥东区', '9', null, null), ('145', '桥西区', '9', null, null), ('146', '宣化区', '9', null, null), ('147', '下花园区', '9', null, null), ('148', '宣化县', '9', null, null), ('149', '张北县', '9', null, null), ('150', '康保县', '9', null, null), ('151', '沽源县', '9', null, null), ('152', '尚义县', '9', null, null), ('153', '蔚县', '9', null, null), ('154', '阳原县', '9', null, null), ('155', '怀安县', '9', null, null), ('156', '万全县', '9', null, null), ('157', '怀来县', '9', null, null), ('158', '涿鹿县', '9', null, null), ('159', '赤城县', '9', null, null), ('160', '崇礼县', '9', null, null), ('161', '双桥区', '10', null, null), ('162', '双滦区', '10', null, null), ('163', '鹰手营子矿区', '10', null, null), ('164', '承德县', '10', null, null), ('165', '兴隆县', '10', null, null), ('166', '平泉县', '10', null, null), ('167', '滦平县', '10', null, null), ('168', '隆化县', '10', null, null), ('169', '丰宁满族自治县', '10', null, null), ('170', '宽城满族自治县', '10', null, null), ('171', '围场满族蒙古族自治县', '10', null, null), ('172', '新华区', '11', null, null), ('173', '运河区', '11', null, null), ('174', '沧县', '11', null, null), ('175', '青县', '11', null, null), ('176', '东光县', '11', null, null), ('177', '海兴县', '11', null, null), ('178', '盐山县', '11', null, null), ('179', '肃宁县', '11', null, null), ('180', '南皮县', '11', null, null), ('181', '吴桥县', '11', null, null), ('182', '献县', '11', null, null), ('183', '孟村回族自治县', '11', null, null), ('184', '泊头市', '11', null, null), ('185', '任丘市', '11', null, null), ('186', '黄骅市', '11', null, null), ('187', '河间市', '11', null, null), ('188', '安次区', '12', null, null), ('189', '广阳区', '12', null, null), ('190', '固安县', '12', null, null), ('191', '永清县', '12', null, null), ('192', '香河县', '12', null, null), ('193', '大城县', '12', null, null), ('194', '文安县', '12', null, null), ('195', '大厂回族自治县', '12', null, null), ('196', '霸州市', '12', null, null), ('197', '三河市', '12', null, null), ('198', '桃城区', '13', null, null), ('199', '枣强县', '13', null, null), ('200', '武邑县', '13', null, null), ('201', '武强县', '13', null, null), ('202', '饶阳县', '13', null, null), ('203', '安平县', '13', null, null), ('204', '故城县', '13', null, null), ('205', '景县', '13', null, null), ('206', '阜城县', '13', null, null), ('207', '冀州市', '13', null, null), ('208', '深州市', '13', null, null), ('209', '小店区', '14', null, null), ('210', '迎泽区', '14', null, null), ('211', '杏花岭区', '14', null, null), ('212', '尖草坪区', '14', null, null), ('213', '万柏林区', '14', null, null), ('214', '晋源区', '14', null, null), ('215', '清徐县', '14', null, null), ('216', '阳曲县', '14', null, null), ('217', '娄烦县', '14', null, null), ('218', '古交市', '14', null, null), ('219', '城区', '15', null, null), ('220', '矿区', '15', null, null), ('221', '南郊区', '15', null, null), ('222', '新荣区', '15', null, null), ('223', '阳高县', '15', null, null), ('224', '天镇县', '15', null, null), ('225', '广灵县', '15', null, null), ('226', '灵丘县', '15', null, null), ('227', '浑源县', '15', null, null), ('228', '左云县', '15', null, null), ('229', '大同县', '15', null, null), ('230', '城区', '16', null, null), ('231', '矿区', '16', null, null), ('232', '郊区', '16', null, null), ('233', '平定县', '16', null, null), ('234', '盂县', '16', null, null), ('235', '城区', '17', null, null), ('236', '郊区', '17', null, null), ('237', '长治县', '17', null, null), ('238', '襄垣县', '17', null, null), ('239', '屯留县', '17', null, null), ('240', '平顺县', '17', null, null), ('241', '黎城县', '17', null, null), ('242', '壶关县', '17', null, null), ('243', '长子县', '17', null, null), ('244', '武乡县', '17', null, null), ('245', '沁县', '17', null, null), ('246', '沁源县', '17', null, null), ('247', '潞城市', '17', null, null), ('248', '城区', '18', null, null), ('249', '沁水县', '18', null, null), ('250', '阳城县', '18', null, null), ('251', '陵川县', '18', null, null), ('252', '泽州县', '18', null, null), ('253', '高平市', '18', null, null), ('254', '朔城区', '19', null, null), ('255', '平鲁区', '19', null, null), ('256', '山阴县', '19', null, null), ('257', '应县', '19', null, null), ('258', '右玉县', '19', null, null), ('259', '怀仁县', '19', null, null), ('260', '榆次区', '20', null, null), ('261', '榆社县', '20', null, null), ('262', '左权县', '20', null, null), ('263', '和顺县', '20', null, null), ('264', '昔阳县', '20', null, null), ('265', '寿阳县', '20', null, null), ('266', '太谷县', '20', null, null), ('267', '祁县', '20', null, null), ('268', '平遥县', '20', null, null), ('269', '灵石县', '20', null, null), ('270', '介休市', '20', null, null), ('271', '盐湖区', '21', null, null), ('272', '临猗县', '21', null, null), ('273', '万荣县', '21', null, null), ('274', '闻喜县', '21', null, null), ('275', '稷山县', '21', null, null), ('276', '新绛县', '21', null, null), ('277', '绛县', '21', null, null), ('278', '垣曲县', '21', null, null), ('279', '夏县', '21', null, null), ('280', '平陆县', '21', null, null), ('281', '芮城县', '21', null, null), ('282', '永济市', '21', null, null), ('283', '河津市', '21', null, null), ('284', '忻府区', '22', null, null), ('285', '定襄县', '22', null, null), ('286', '五台县', '22', null, null), ('287', '代县', '22', null, null), ('288', '繁峙县', '22', null, null), ('289', '宁武县', '22', null, null), ('290', '静乐县', '22', null, null), ('291', '神池县', '22', null, null), ('292', '五寨县', '22', null, null), ('293', '岢岚县', '22', null, null), ('294', '河曲县', '22', null, null), ('295', '保德县', '22', null, null), ('296', '偏关县', '22', null, null), ('297', '原平市', '22', null, null), ('298', '尧都区', '23', null, null), ('299', '曲沃县', '23', null, null), ('300', '翼城县', '23', null, null), ('301', '襄汾县', '23', null, null), ('302', '洪洞县', '23', null, null), ('303', '古县', '23', null, null), ('304', '安泽县', '23', null, null), ('305', '浮山县', '23', null, null), ('306', '吉县', '23', null, null), ('307', '乡宁县', '23', null, null), ('308', '大宁县', '23', null, null), ('309', '隰县', '23', null, null), ('310', '永和县', '23', null, null), ('311', '蒲县', '23', null, null), ('312', '汾西县', '23', null, null), ('313', '侯马市', '23', null, null), ('314', '霍州市', '23', null, null), ('315', '离石区', '24', null, null), ('316', '文水县', '24', null, null), ('317', '交城县', '24', null, null), ('318', '兴县', '24', null, null), ('319', '临县', '24', null, null), ('320', '柳林县', '24', null, null), ('321', '石楼县', '24', null, null), ('322', '岚县', '24', null, null), ('323', '方山县', '24', null, null), ('324', '中阳县', '24', null, null), ('325', '交口县', '24', null, null), ('326', '孝义市', '24', null, null), ('327', '汾阳市', '24', null, null), ('328', '新城区', '25', null, null), ('329', '回民区', '25', null, null), ('330', '玉泉区', '25', null, null), ('331', '赛罕区', '25', null, null), ('332', '土默特左旗', '25', null, null), ('333', '托克托县', '25', null, null), ('334', '和林格尔县', '25', null, null), ('335', '清水河县', '25', null, null), ('336', '武川县', '25', null, null), ('337', '东河区', '26', null, null), ('338', '昆都仑区', '26', null, null), ('339', '青山区', '26', null, null), ('340', '石拐区', '26', null, null), ('341', '白云矿区', '26', null, null), ('342', '九原区', '26', null, null), ('343', '土默特右旗', '26', null, null), ('344', '固阳县', '26', null, null), ('345', '达尔罕茂明安联合旗', '26', null, null), ('346', '海勃湾区', '27', null, null), ('347', '海南区', '27', null, null), ('348', '乌达区', '27', null, null), ('349', '红山区', '28', null, null), ('350', '元宝山区', '28', null, null), ('351', '松山区', '28', null, null), ('352', '阿鲁科尔沁旗', '28', null, null), ('353', '巴林左旗', '28', null, null), ('354', '巴林右旗', '28', null, null), ('355', '林西县', '28', null, null), ('356', '克什克腾旗', '28', null, null), ('357', '翁牛特旗', '28', null, null), ('358', '喀喇沁旗', '28', null, null), ('359', '宁城县', '28', null, null), ('360', '敖汉旗', '28', null, null), ('361', '科尔沁区', '29', null, null), ('362', '科尔沁左翼中旗', '29', null, null), ('363', '科尔沁左翼后旗', '29', null, null), ('364', '开鲁县', '29', null, null), ('365', '库伦旗', '29', null, null), ('366', '奈曼旗', '29', null, null), ('367', '扎鲁特旗', '29', null, null), ('368', '霍林郭勒市', '29', null, null), ('369', '东胜区', '30', null, null), ('370', '达拉特旗', '30', null, null), ('371', '准格尔旗', '30', null, null), ('372', '鄂托克前旗', '30', null, null), ('373', '鄂托克旗', '30', null, null), ('374', '杭锦旗', '30', null, null), ('375', '乌审旗', '30', null, null), ('376', '伊金霍洛旗', '30', null, null), ('377', '海拉尔区', '31', null, null), ('378', '阿荣旗', '31', null, null), ('379', '莫力达瓦达斡尔族自治旗', '31', null, null), ('380', '鄂伦春自治旗', '31', null, null), ('381', '鄂温克族自治旗', '31', null, null), ('382', '陈巴尔虎旗', '31', null, null), ('383', '新巴尔虎左旗', '31', null, null), ('384', '新巴尔虎右旗', '31', null, null), ('385', '满洲里市', '31', null, null), ('386', '牙克石市', '31', null, null), ('387', '扎兰屯市', '31', null, null), ('388', '额尔古纳市', '31', null, null), ('389', '根河市', '31', null, null), ('390', '临河区', '32', null, null), ('391', '五原县', '32', null, null), ('392', '磴口县', '32', null, null), ('393', '乌拉特前旗', '32', null, null), ('394', '乌拉特中旗', '32', null, null), ('395', '乌拉特后旗', '32', null, null), ('396', '杭锦后旗', '32', null, null), ('397', '集宁区', '33', null, null), ('398', '卓资县', '33', null, null), ('399', '化德县', '33', null, null), ('400', '商都县', '33', null, null), ('401', '兴和县', '33', null, null), ('402', '凉城县', '33', null, null), ('403', '察哈尔右翼前旗', '33', null, null), ('404', '察哈尔右翼中旗', '33', null, null), ('405', '察哈尔右翼后旗', '33', null, null), ('406', '四子王旗', '33', null, null), ('407', '丰镇市', '33', null, null), ('408', '乌兰浩特市', '34', null, null), ('409', '阿尔山市', '34', null, null), ('410', '科尔沁右翼前旗', '34', null, null), ('411', '科尔沁右翼中旗', '34', null, null), ('412', '扎赉特旗', '34', null, null), ('413', '突泉县', '34', null, null), ('414', '二连浩特市', '35', null, null), ('415', '锡林浩特市', '35', null, null), ('416', '阿巴嘎旗', '35', null, null), ('417', '苏尼特左旗', '35', null, null), ('418', '苏尼特右旗', '35', null, null), ('419', '东乌珠穆沁旗', '35', null, null), ('420', '西乌珠穆沁旗', '35', null, null), ('421', '太仆寺旗', '35', null, null), ('422', '镶黄旗', '35', null, null), ('423', '正镶白旗', '35', null, null), ('424', '正蓝旗', '35', null, null), ('425', '多伦县', '35', null, null), ('426', '阿拉善左旗', '36', null, null), ('427', '阿拉善右旗', '36', null, null), ('428', '额济纳旗', '36', null, null), ('429', '和平区', '37', null, null), ('430', '沈河区', '37', null, null), ('431', '大东区', '37', null, null), ('432', '皇姑区', '37', null, null), ('433', '铁西区', '37', null, null), ('434', '苏家屯区', '37', null, null), ('435', '东陵区', '37', null, null), ('436', '新城子区', '37', null, null), ('437', '于洪区', '37', null, null), ('438', '辽中县', '37', null, null), ('439', '康平县', '37', null, null), ('440', '法库县', '37', null, null), ('441', '新民市', '37', null, null), ('442', '中山区', '38', null, null), ('443', '西岗区', '38', null, null), ('444', '沙河口区', '38', null, null), ('445', '甘井子区', '38', null, null), ('446', '旅顺口区', '38', null, null), ('447', '金州区', '38', null, null), ('448', '长海县', '38', null, null), ('449', '瓦房店市', '38', null, null), ('450', '普兰店市', '38', null, null), ('451', '庄河市', '38', null, null), ('452', '铁东区', '39', null, null), ('453', '铁西区', '39', null, null), ('454', '立山区', '39', null, null), ('455', '千山区', '39', null, null), ('456', '台安县', '39', null, null), ('457', '岫岩满族自治县', '39', null, null), ('458', '海城市', '39', null, null), ('459', '新抚区', '40', null, null), ('460', '东洲区', '40', null, null), ('461', '望花区', '40', null, null), ('462', '顺城区', '40', null, null), ('463', '抚顺县', '40', null, null), ('464', '新宾满族自治县', '40', null, null), ('465', '清原满族自治县', '40', null, null), ('466', '平山区', '41', null, null), ('467', '溪湖区', '41', null, null), ('468', '明山区', '41', null, null), ('469', '南芬区', '41', null, null), ('470', '本溪满族自治县', '41', null, null), ('471', '桓仁满族自治县', '41', null, null), ('472', '元宝区', '42', null, null), ('473', '振兴区', '42', null, null), ('474', '振安区', '42', null, null), ('475', '宽甸满族自治县', '42', null, null), ('476', '东港市', '42', null, null), ('477', '凤城市', '42', null, null), ('478', '古塔区', '43', null, null), ('479', '凌河区', '43', null, null), ('480', '太和区', '43', null, null), ('481', '黑山县', '43', null, null), ('482', '义县', '43', null, null), ('483', '凌海市', '43', null, null), ('484', '北宁市', '43', null, null), ('485', '站前区', '44', null, null), ('486', '西市区', '44', null, null), ('487', '鲅鱼圈区', '44', null, null), ('488', '老边区', '44', null, null), ('489', '盖州市', '44', null, null), ('490', '大石桥市', '44', null, null), ('491', '海州区', '45', null, null), ('492', '新邱区', '45', null, null), ('493', '太平区', '45', null, null), ('494', '清河门区', '45', null, null), ('495', '细河区', '45', null, null), ('496', '阜新蒙古族自治县', '45', null, null), ('497', '彰武县', '45', null, null), ('498', '白塔区', '46', null, null), ('499', '文圣区', '46', null, null), ('500', '宏伟区', '46', null, null), ('501', '弓长岭区', '46', null, null), ('502', '太子河区', '46', null, null), ('503', '辽阳县', '46', null, null), ('504', '灯塔市', '46', null, null), ('505', '双台子区', '47', null, null), ('506', '兴隆台区', '47', null, null), ('507', '大洼县', '47', null, null), ('508', '盘山县', '47', null, null), ('509', '银州区', '48', null, null), ('510', '清河区', '48', null, null), ('511', '铁岭县', '48', null, null), ('512', '西丰县', '48', null, null), ('513', '昌图县', '48', null, null), ('514', '调兵山市', '48', null, null), ('515', '开原市', '48', null, null), ('516', '双塔区', '49', null, null), ('517', '龙城区', '49', null, null), ('518', '朝阳县', '49', null, null), ('519', '建平县', '49', null, null), ('520', '喀喇沁左翼蒙古族自治县', '49', null, null), ('521', '北票市', '49', null, null), ('522', '凌源市', '49', null, null), ('523', '连山区', '50', null, null), ('524', '龙港区', '50', null, null), ('525', '南票区', '50', null, null), ('526', '绥中县', '50', null, null), ('527', '建昌县', '50', null, null), ('528', '兴城市', '50', null, null), ('529', '南关区', '51', null, null), ('530', '宽城区', '51', null, null), ('531', '朝阳区', '51', null, null), ('532', '二道区', '51', null, null), ('533', '绿园区', '51', null, null), ('534', '双阳区', '51', null, null), ('535', '农安县', '51', null, null), ('536', '九台市', '51', null, null), ('537', '榆树市', '51', null, null), ('538', '德惠市', '51', null, null), ('539', '昌邑区', '52', null, null), ('540', '龙潭区', '52', null, null), ('541', '船营区', '52', null, null), ('542', '丰满区', '52', null, null), ('543', '永吉县', '52', null, null), ('544', '蛟河市', '52', null, null), ('545', '桦甸市', '52', null, null), ('546', '舒兰市', '52', null, null), ('547', '磐石市', '52', null, null), ('548', '铁西区', '53', null, null), ('549', '铁东区', '53', null, null), ('550', '梨树县', '53', null, null), ('551', '伊通满族自治县', '53', null, null), ('552', '公主岭市', '53', null, null), ('553', '双辽市', '53', null, null), ('554', '龙山区', '54', null, null), ('555', '西安区', '54', null, null), ('556', '东丰县', '54', null, null), ('557', '东辽县', '54', null, null), ('558', '东昌区', '55', null, null), ('559', '二道江区', '55', null, null), ('560', '通化县', '55', null, null), ('561', '辉南县', '55', null, null), ('562', '柳河县', '55', null, null), ('563', '梅河口市', '55', null, null), ('564', '集安市', '55', null, null), ('565', '八道江区', '56', null, null), ('566', '抚松县', '56', null, null), ('567', '靖宇县', '56', null, null), ('568', '长白朝鲜族自治县', '56', null, null), ('569', '江源县', '56', null, null), ('570', '临江市', '56', null, null), ('571', '宁江区', '57', null, null), ('572', '前郭尔罗斯蒙古族自治县', '57', null, null), ('573', '长岭县', '57', null, null), ('574', '乾安县', '57', null, null), ('575', '扶余县', '57', null, null), ('576', '洮北区', '58', null, null), ('577', '镇赉县', '58', null, null), ('578', '通榆县', '58', null, null), ('579', '洮南市', '58', null, null), ('580', '大安市', '58', null, null), ('581', '延吉市', '59', null, null), ('582', '图们市', '59', null, null), ('583', '敦化市', '59', null, null), ('584', '珲春市', '59', null, null), ('585', '龙井市', '59', null, null), ('586', '和龙市', '59', null, null), ('587', '汪清县', '59', null, null), ('588', '安图县', '59', null, null), ('589', '道里区', '60', null, null), ('590', '南岗区', '60', null, null), ('591', '道外区', '60', null, null), ('592', '香坊区', '60', null, null), ('593', '动力区', '60', null, null), ('594', '平房区', '60', null, null), ('595', '松北区', '60', null, null), ('596', '呼兰区', '60', null, null), ('597', '依兰县', '60', null, null), ('598', '方正县', '60', null, null), ('599', '宾县', '60', null, null), ('600', '巴彦县', '60', null, null), ('601', '木兰县', '60', null, null), ('602', '通河县', '60', null, null), ('603', '延寿县', '60', null, null), ('604', '阿城市', '60', null, null), ('605', '双城市', '60', null, null), ('606', '尚志市', '60', null, null), ('607', '五常市', '60', null, null), ('608', '龙沙区', '61', null, null), ('609', '建华区', '61', null, null), ('610', '铁锋区', '61', null, null), ('611', '昂昂溪区', '61', null, null), ('612', '富拉尔基区', '61', null, null), ('613', '碾子山区', '61', null, null), ('614', '梅里斯达斡尔族区', '61', null, null), ('615', '龙江县', '61', null, null), ('616', '依安县', '61', null, null), ('617', '泰来县', '61', null, null), ('618', '甘南县', '61', null, null), ('619', '富裕县', '61', null, null), ('620', '克山县', '61', null, null), ('621', '克东县', '61', null, null), ('622', '拜泉县', '61', null, null), ('623', '讷河市', '61', null, null), ('624', '鸡冠区', '62', null, null), ('625', '恒山区', '62', null, null), ('626', '滴道区', '62', null, null), ('627', '梨树区', '62', null, null), ('628', '城子河区', '62', null, null), ('629', '麻山区', '62', null, null), ('630', '鸡东县', '62', null, null), ('631', '虎林市', '62', null, null), ('632', '密山市', '62', null, null), ('633', '向阳区', '63', null, null), ('634', '工农区', '63', null, null), ('635', '南山区', '63', null, null), ('636', '兴安区', '63', null, null), ('637', '东山区', '63', null, null), ('638', '兴山区', '63', null, null), ('639', '萝北县', '63', null, null), ('640', '绥滨县', '63', null, null), ('641', '尖山区', '64', null, null), ('642', '岭东区', '64', null, null), ('643', '四方台区', '64', null, null), ('644', '宝山区', '64', null, null), ('645', '集贤县', '64', null, null), ('646', '友谊县', '64', null, null), ('647', '宝清县', '64', null, null), ('648', '饶河县', '64', null, null), ('649', '萨尔图区', '65', null, null), ('650', '龙凤区', '65', null, null), ('651', '让胡路区', '65', null, null), ('652', '红岗区', '65', null, null), ('653', '大同区', '65', null, null), ('654', '肇州县', '65', null, null), ('655', '肇源县', '65', null, null), ('656', '林甸县', '65', null, null), ('657', '杜尔伯特蒙古族自治县', '65', null, null), ('658', '伊春区', '66', null, null), ('659', '南岔区', '66', null, null), ('660', '友好区', '66', null, null), ('661', '西林区', '66', null, null), ('662', '翠峦区', '66', null, null), ('663', '新青区', '66', null, null), ('664', '美溪区', '66', null, null), ('665', '金山屯区', '66', null, null), ('666', '五营区', '66', null, null), ('667', '乌马河区', '66', null, null), ('668', '汤旺河区', '66', null, null), ('669', '带岭区', '66', null, null), ('670', '乌伊岭区', '66', null, null), ('671', '红星区', '66', null, null), ('672', '上甘岭区', '66', null, null), ('673', '嘉荫县', '66', null, null), ('674', '铁力市', '66', null, null), ('675', '永红区', '67', null, null), ('676', '向阳区', '67', null, null), ('677', '前进区', '67', null, null), ('678', '东风区', '67', null, null), ('679', '郊区', '67', null, null), ('680', '桦南县', '67', null, null), ('681', '桦川县', '67', null, null), ('682', '汤原县', '67', null, null), ('683', '抚远县', '67', null, null), ('684', '同江市', '67', null, null), ('685', '富锦市', '67', null, null), ('686', '新兴区', '68', null, null), ('687', '桃山区', '68', null, null), ('688', '茄子河区', '68', null, null), ('689', '勃利县', '68', null, null), ('690', '东安区', '69', null, null), ('691', '阳明区', '69', null, null), ('692', '爱民区', '69', null, null), ('693', '西安区', '69', null, null), ('694', '东宁县', '69', null, null), ('695', '林口县', '69', null, null), ('696', '绥芬河市', '69', null, null), ('697', '海林市', '69', null, null), ('698', '宁安市', '69', null, null), ('699', '穆棱市', '69', null, null), ('700', '爱辉区', '70', null, null), ('701', '嫩江县', '70', null, null), ('702', '逊克县', '70', null, null), ('703', '孙吴县', '70', null, null), ('704', '北安市', '70', null, null), ('705', '五大连池市', '70', null, null), ('706', '北林区', '71', null, null), ('707', '望奎县', '71', null, null), ('708', '兰西县', '71', null, null), ('709', '青冈县', '71', null, null), ('710', '庆安县', '71', null, null), ('711', '明水县', '71', null, null), ('712', '绥棱县', '71', null, null), ('713', '安达市', '71', null, null), ('714', '肇东市', '71', null, null), ('715', '海伦市', '71', null, null), ('716', '呼玛县', '72', null, null), ('717', '塔河县', '72', null, null), ('718', '漠河县', '72', null, null), ('719', '黄浦区', '73', null, null), ('720', '卢湾区', '73', null, null), ('721', '徐汇区', '73', null, null), ('722', '长宁区', '73', null, null), ('723', '静安区', '73', null, null), ('724', '普陀区', '73', null, null), ('725', '闸北区', '73', null, null), ('726', '虹口区', '73', null, null), ('727', '杨浦区', '73', null, null), ('728', '闵行区', '73', null, null), ('729', '宝山区', '73', null, null), ('730', '嘉定区', '73', null, null), ('731', '浦东新区', '73', null, null), ('732', '金山区', '73', null, null), ('733', '松江区', '73', null, null), ('734', '青浦区', '73', null, null), ('735', '南汇区', '73', null, null), ('736', '奉贤区', '73', null, null), ('737', '崇明县', '73', null, null), ('738', '玄武区', '74', null, null), ('739', '白下区', '74', null, null), ('740', '秦淮区', '74', null, null), ('741', '建邺区', '74', null, null), ('742', '鼓楼区', '74', null, null), ('743', '下关区', '74', null, null), ('744', '浦口区', '74', null, null), ('745', '栖霞区', '74', null, null), ('746', '雨花台区', '74', null, null), ('747', '江宁区', '74', null, null), ('748', '六合区', '74', null, null), ('749', '溧水县', '74', null, null), ('750', '高淳县', '74', null, null), ('751', '崇安区', '75', null, null), ('752', '南长区', '75', null, null), ('753', '北塘区', '75', null, null), ('754', '锡山区', '75', null, null), ('755', '惠山区', '75', null, null), ('756', '滨湖区', '75', null, null), ('757', '江阴市', '75', null, null), ('758', '宜兴市', '75', null, null), ('759', '鼓楼区', '76', null, null), ('760', '云龙区', '76', null, null), ('761', '九里区', '76', null, null), ('762', '贾汪区', '76', null, null), ('763', '泉山区', '76', null, null), ('764', '丰县', '76', null, null), ('765', '沛县', '76', null, null), ('766', '铜山县', '76', null, null), ('767', '睢宁县', '76', null, null), ('768', '新沂市', '76', null, null), ('769', '邳州市', '76', null, null), ('770', '天宁区', '77', null, null), ('771', '钟楼区', '77', null, null), ('772', '戚墅堰区', '77', null, null), ('773', '新北区', '77', null, null), ('774', '武进区', '77', null, null), ('775', '溧阳市', '77', null, null), ('776', '金坛市', '77', null, null), ('777', '沧浪区', '78', null, null), ('778', '平江区', '78', null, null), ('779', '金阊区', '78', null, null), ('780', '虎丘区', '78', null, null), ('781', '吴中区', '78', null, null), ('782', '相城区', '78', null, null), ('783', '常熟市', '78', null, null), ('784', '张家港市', '78', null, null), ('785', '昆山市', '78', null, null), ('786', '吴江市', '78', null, null), ('787', '太仓市', '78', null, null), ('788', '崇川区', '79', null, null), ('789', '港闸区', '79', null, null), ('790', '海安县', '79', null, null), ('791', '如东县', '79', null, null), ('792', '启东市', '79', null, null), ('793', '如皋市', '79', null, null), ('794', '通州市', '79', null, null), ('795', '海门市', '79', null, null), ('796', '连云区', '80', null, null), ('797', '新浦区', '80', null, null), ('798', '海州区', '80', null, null), ('799', '赣榆县', '80', null, null), ('800', '东海县', '80', null, null), ('801', '灌云县', '80', null, null), ('802', '灌南县', '80', null, null), ('803', '清河区', '81', null, null), ('804', '楚州区', '81', null, null), ('805', '淮阴区', '81', null, null), ('806', '清浦区', '81', null, null), ('807', '涟水县', '81', null, null), ('808', '洪泽县', '81', null, null), ('809', '盱眙县', '81', null, null), ('810', '金湖县', '81', null, null), ('811', '亭湖区', '82', null, null), ('812', '盐都区', '82', null, null), ('813', '响水县', '82', null, null), ('814', '滨海县', '82', null, null), ('815', '阜宁县', '82', null, null), ('816', '射阳县', '82', null, null), ('817', '建湖县', '82', null, null), ('818', '东台市', '82', null, null), ('819', '大丰市', '82', null, null), ('820', '广陵区', '83', null, null), ('821', '邗江区', '83', null, null), ('822', '维扬区', '83', null, null), ('823', '宝应县', '83', null, null), ('824', '仪征市', '83', null, null), ('825', '高邮市', '83', null, null), ('826', '江都市', '83', null, null), ('827', '京口区', '84', null, null), ('828', '润州区', '84', null, null), ('829', '丹徒区', '84', null, null), ('830', '丹阳市', '84', null, null), ('831', '扬中市', '84', null, null), ('832', '句容市', '84', null, null), ('833', '海陵区', '85', null, null), ('834', '高港区', '85', null, null), ('835', '兴化市', '85', null, null), ('836', '靖江市', '85', null, null), ('837', '泰兴市', '85', null, null), ('838', '姜堰市', '85', null, null), ('839', '宿城区', '86', null, null), ('840', '宿豫区', '86', null, null), ('841', '沭阳县', '86', null, null), ('842', '泗阳县', '86', null, null), ('843', '泗洪县', '86', null, null), ('844', '上城区', '87', null, null), ('845', '下城区', '87', null, null), ('846', '江干区', '87', null, null), ('847', '拱墅区', '87', null, null), ('848', '西湖区', '87', null, null), ('849', '滨江区', '87', null, null), ('850', '萧山区', '87', null, null), ('851', '余杭区', '87', null, null), ('852', '桐庐县', '87', null, null), ('853', '淳安县', '87', null, null), ('854', '建德市', '87', null, null), ('855', '富阳市', '87', null, null), ('856', '临安市', '87', null, null), ('857', '海曙区', '88', null, null), ('858', '江东区', '88', null, null), ('859', '江北区', '88', null, null), ('860', '北仑区', '88', null, null), ('861', '镇海区', '88', null, null), ('862', '鄞州区', '88', null, null), ('863', '象山县', '88', null, null), ('864', '宁海县', '88', null, null), ('865', '余姚市', '88', null, null), ('866', '慈溪市', '88', null, null), ('867', '奉化市', '88', null, null), ('868', '鹿城区', '89', null, null), ('869', '龙湾区', '89', null, null), ('870', '瓯海区', '89', null, null), ('871', '洞头县', '89', null, null), ('872', '永嘉县', '89', null, null), ('873', '平阳县', '89', null, null), ('874', '苍南县', '89', null, null), ('875', '文成县', '89', null, null), ('876', '泰顺县', '89', null, null), ('877', '瑞安市', '89', null, null), ('878', '乐清市', '89', null, null), ('879', '秀城区', '90', null, null), ('880', '秀洲区', '90', null, null), ('881', '嘉善县', '90', null, null), ('882', '海盐县', '90', null, null), ('883', '海宁市', '90', null, null), ('884', '平湖市', '90', null, null), ('885', '桐乡市', '90', null, null), ('886', '吴兴区', '91', null, null), ('887', '南浔区', '91', null, null), ('888', '德清县', '91', null, null), ('889', '长兴县', '91', null, null), ('890', '安吉县', '91', null, null), ('891', '越城区', '92', null, null), ('892', '绍兴县', '92', null, null), ('893', '新昌县', '92', null, null), ('894', '诸暨市', '92', null, null), ('895', '上虞市', '92', null, null), ('896', '嵊州市', '92', null, null), ('897', '婺城区', '93', null, null), ('898', '金东区', '93', null, null), ('899', '武义县', '93', null, null), ('900', '浦江县', '93', null, null), ('901', '磐安县', '93', null, null), ('902', '兰溪市', '93', null, null), ('903', '义乌市', '93', null, null), ('904', '东阳市', '93', null, null), ('905', '永康市', '93', null, null), ('906', '柯城区', '94', null, null), ('907', '衢江区', '94', null, null), ('908', '常山县', '94', null, null), ('909', '开化县', '94', null, null), ('910', '龙游县', '94', null, null), ('911', '江山市', '94', null, null), ('912', '定海区', '95', null, null), ('913', '普陀区', '95', null, null), ('914', '岱山县', '95', null, null), ('915', '嵊泗县', '95', null, null), ('916', '椒江区', '96', null, null), ('917', '黄岩区', '96', null, null), ('918', '路桥区', '96', null, null), ('919', '玉环县', '96', null, null), ('920', '三门县', '96', null, null), ('921', '天台县', '96', null, null), ('922', '仙居县', '96', null, null), ('923', '温岭市', '96', null, null), ('924', '临海市', '96', null, null), ('925', '莲都区', '97', null, null), ('926', '青田县', '97', null, null), ('927', '缙云县', '97', null, null), ('928', '遂昌县', '97', null, null), ('929', '松阳县', '97', null, null), ('930', '云和县', '97', null, null), ('931', '庆元县', '97', null, null), ('932', '景宁畲族自治县', '97', null, null), ('933', '龙泉市', '97', null, null), ('934', '瑶海区', '98', null, null), ('935', '庐阳区', '98', null, null), ('936', '蜀山区', '98', null, null), ('937', '包河区', '98', null, null), ('938', '长丰县', '98', null, null), ('939', '肥东县', '98', null, null), ('940', '肥西县', '98', null, null), ('941', '镜湖区', '99', null, null), ('942', '马塘区', '99', null, null), ('943', '新芜区', '99', null, null), ('944', '鸠江区', '99', null, null), ('945', '芜湖县', '99', null, null), ('946', '繁昌县', '99', null, null), ('947', '南陵县', '99', null, null), ('948', '龙子湖区', '100', null, null), ('949', '蚌山区', '100', null, null), ('950', '禹会区', '100', null, null), ('951', '淮上区', '100', null, null), ('952', '怀远县', '100', null, null), ('953', '五河县', '100', null, null), ('954', '固镇县', '100', null, null), ('955', '大通区', '101', null, null), ('956', '田家庵区', '101', null, null), ('957', '谢家集区', '101', null, null), ('958', '八公山区', '101', null, null), ('959', '潘集区', '101', null, null), ('960', '凤台县', '101', null, null), ('961', '金家庄区', '102', null, null), ('962', '花山区', '102', null, null), ('963', '雨山区', '102', null, null), ('964', '当涂县', '102', null, null), ('965', '杜集区', '103', null, null), ('966', '相山区', '103', null, null), ('967', '烈山区', '103', null, null), ('968', '濉溪县', '103', null, null), ('969', '铜官山区', '104', null, null), ('970', '狮子山区', '104', null, null), ('971', '郊区', '104', null, null), ('972', '铜陵县', '104', null, null), ('973', '迎江区', '105', null, null), ('974', '大观区', '105', null, null), ('975', '郊区', '105', null, null), ('976', '怀宁县', '105', null, null), ('977', '枞阳县', '105', null, null), ('978', '潜山县', '105', null, null), ('979', '太湖县', '105', null, null), ('980', '宿松县', '105', null, null), ('981', '望江县', '105', null, null), ('982', '岳西县', '105', null, null), ('983', '桐城市', '105', null, null), ('984', '屯溪区', '106', null, null), ('985', '黄山区', '106', null, null), ('986', '徽州区', '106', null, null), ('987', '歙县', '106', null, null), ('988', '休宁县', '106', null, null), ('989', '黟县', '106', null, null), ('990', '祁门县', '106', null, null), ('991', '琅琊区', '107', null, null), ('992', '南谯区', '107', null, null), ('993', '来安县', '107', null, null), ('994', '全椒县', '107', null, null), ('995', '定远县', '107', null, null), ('996', '凤阳县', '107', null, null), ('997', '天长市', '107', null, null), ('998', '明光市', '107', null, null), ('999', '颍州区', '108', null, null), ('1000', '颍东区', '108', null, null), ('1001', '颍泉区', '108', null, null), ('1002', '临泉县', '108', null, null), ('1003', '太和县', '108', null, null), ('1004', '阜南县', '108', null, null), ('1005', '颍上县', '108', null, null), ('1006', '界首市', '108', null, null), ('1007', '埇桥区', '109', null, null), ('1008', '砀山县', '109', null, null), ('1009', '萧县', '109', null, null), ('1010', '灵璧县', '109', null, null), ('1011', '泗县', '109', null, null), ('1012', '居巢区', '110', null, null), ('1013', '庐江县', '110', null, null), ('1014', '无为县', '110', null, null), ('1015', '含山县', '110', null, null), ('1016', '和县', '110', null, null), ('1017', '金安区', '111', null, null), ('1018', '裕安区', '111', null, null), ('1019', '寿县', '111', null, null), ('1020', '霍邱县', '111', null, null), ('1021', '舒城县', '111', null, null), ('1022', '金寨县', '111', null, null), ('1023', '霍山县', '111', null, null), ('1024', '谯城区', '112', null, null), ('1025', '涡阳县', '112', null, null), ('1026', '蒙城县', '112', null, null), ('1027', '利辛县', '112', null, null), ('1028', '贵池区', '113', null, null), ('1029', '东至县', '113', null, null), ('1030', '石台县', '113', null, null), ('1031', '青阳县', '113', null, null), ('1032', '宣州区', '114', null, null), ('1033', '郎溪县', '114', null, null), ('1034', '广德县', '114', null, null), ('1035', '泾县', '114', null, null), ('1036', '绩溪县', '114', null, null), ('1037', '旌德县', '114', null, null), ('1038', '宁国市', '114', null, null), ('1039', '鼓楼区', '115', null, null), ('1040', '台江区', '115', null, null), ('1041', '仓山区', '115', null, null), ('1042', '马尾区', '115', null, null), ('1043', '晋安区', '115', null, null), ('1044', '闽侯县', '115', null, null), ('1045', '连江县', '115', null, null), ('1046', '罗源县', '115', null, null), ('1047', '闽清县', '115', null, null), ('1048', '永泰县', '115', null, null), ('1049', '平潭县', '115', null, null), ('1050', '福清市', '115', null, null), ('1051', '长乐市', '115', null, null), ('1052', '思明区', '116', null, null), ('1053', '海沧区', '116', null, null), ('1054', '湖里区', '116', null, null), ('1055', '集美区', '116', null, null), ('1056', '同安区', '116', null, null), ('1057', '翔安区', '116', null, null), ('1058', '城厢区', '117', null, null), ('1059', '涵江区', '117', null, null), ('1060', '荔城区', '117', null, null), ('1061', '秀屿区', '117', null, null), ('1062', '仙游县', '117', null, null), ('1063', '梅列区', '118', null, null), ('1064', '三元区', '118', null, null), ('1065', '明溪县', '118', null, null), ('1066', '清流县', '118', null, null), ('1067', '宁化县', '118', null, null), ('1068', '大田县', '118', null, null), ('1069', '尤溪县', '118', null, null), ('1070', '沙县', '118', null, null), ('1071', '将乐县', '118', null, null), ('1072', '泰宁县', '118', null, null), ('1073', '建宁县', '118', null, null), ('1074', '永安市', '118', null, null), ('1075', '鲤城区', '119', null, null), ('1076', '丰泽区', '119', null, null), ('1077', '洛江区', '119', null, null), ('1078', '泉港区', '119', null, null), ('1079', '惠安县', '119', null, null), ('1080', '安溪县', '119', null, null), ('1081', '永春县', '119', null, null), ('1082', '德化县', '119', null, null), ('1083', '金门县', '119', null, null), ('1084', '石狮市', '119', null, null), ('1085', '晋江市', '119', null, null), ('1086', '南安市', '119', null, null), ('1087', '芗城区', '120', null, null), ('1088', '龙文区', '120', null, null), ('1089', '云霄县', '120', null, null), ('1090', '漳浦县', '120', null, null), ('1091', '诏安县', '120', null, null), ('1092', '长泰县', '120', null, null), ('1093', '东山县', '120', null, null), ('1094', '南靖县', '120', null, null), ('1095', '平和县', '120', null, null), ('1096', '华安县', '120', null, null), ('1097', '龙海市', '120', null, null), ('1098', '延平区', '121', null, null), ('1099', '顺昌县', '121', null, null), ('1100', '浦城县', '121', null, null), ('1101', '光泽县', '121', null, null), ('1102', '松溪县', '121', null, null), ('1103', '政和县', '121', null, null), ('1104', '邵武市', '121', null, null), ('1105', '武夷山市', '121', null, null), ('1106', '建瓯市', '121', null, null), ('1107', '建阳市', '121', null, null), ('1108', '新罗区', '122', null, null), ('1109', '长汀县', '122', null, null), ('1110', '永定县', '122', null, null), ('1111', '上杭县', '122', null, null), ('1112', '武平县', '122', null, null), ('1113', '连城县', '122', null, null), ('1114', '漳平市', '122', null, null), ('1115', '蕉城区', '123', null, null), ('1116', '霞浦县', '123', null, null), ('1117', '古田县', '123', null, null), ('1118', '屏南县', '123', null, null), ('1119', '寿宁县', '123', null, null), ('1120', '周宁县', '123', null, null), ('1121', '柘荣县', '123', null, null), ('1122', '福安市', '123', null, null), ('1123', '福鼎市', '123', null, null), ('1124', '东湖区', '124', null, null), ('1125', '西湖区', '124', null, null), ('1126', '青云谱区', '124', null, null), ('1127', '湾里区', '124', null, null), ('1128', '青山湖区', '124', null, null), ('1129', '南昌县', '124', null, null), ('1130', '新建县', '124', null, null), ('1131', '安义县', '124', null, null), ('1132', '进贤县', '124', null, null), ('1133', '昌江区', '125', null, null), ('1134', '珠山区', '125', null, null), ('1135', '浮梁县', '125', null, null), ('1136', '乐平市', '125', null, null), ('1137', '安源区', '126', null, null), ('1138', '湘东区', '126', null, null), ('1139', '莲花县', '126', null, null), ('1140', '上栗县', '126', null, null), ('1141', '芦溪县', '126', null, null), ('1142', '庐山区', '127', null, null), ('1143', '浔阳区', '127', null, null), ('1144', '九江县', '127', null, null), ('1145', '武宁县', '127', null, null), ('1146', '修水县', '127', null, null), ('1147', '永修县', '127', null, null), ('1148', '德安县', '127', null, null), ('1149', '星子县', '127', null, null), ('1150', '都昌县', '127', null, null), ('1151', '湖口县', '127', null, null), ('1152', '彭泽县', '127', null, null), ('1153', '瑞昌市', '127', null, null), ('1154', '渝水区', '128', null, null), ('1155', '分宜县', '128', null, null), ('1156', '月湖区', '129', null, null), ('1157', '余江县', '129', null, null), ('1158', '贵溪市', '129', null, null), ('1159', '章贡区', '130', null, null), ('1160', '赣县', '130', null, null), ('1161', '信丰县', '130', null, null), ('1162', '大余县', '130', null, null), ('1163', '上犹县', '130', null, null), ('1164', '崇义县', '130', null, null), ('1165', '安远县', '130', null, null), ('1166', '龙南县', '130', null, null), ('1167', '定南县', '130', null, null), ('1168', '全南县', '130', null, null), ('1169', '宁都县', '130', null, null), ('1170', '于都县', '130', null, null), ('1171', '兴国县', '130', null, null), ('1172', '会昌县', '130', null, null), ('1173', '寻乌县', '130', null, null), ('1174', '石城县', '130', null, null), ('1175', '瑞金市', '130', null, null), ('1176', '南康市', '130', null, null), ('1177', '吉州区', '131', null, null), ('1178', '青原区', '131', null, null), ('1179', '吉安县', '131', null, null), ('1180', '吉水县', '131', null, null), ('1181', '峡江县', '131', null, null), ('1182', '新干县', '131', null, null), ('1183', '永丰县', '131', null, null), ('1184', '泰和县', '131', null, null), ('1185', '遂川县', '131', null, null), ('1186', '万安县', '131', null, null), ('1187', '安福县', '131', null, null), ('1188', '永新县', '131', null, null), ('1189', '井冈山市', '131', null, null), ('1190', '袁州区', '132', null, null), ('1191', '奉新县', '132', null, null), ('1192', '万载县', '132', null, null), ('1193', '上高县', '132', null, null), ('1194', '宜丰县', '132', null, null), ('1195', '靖安县', '132', null, null), ('1196', '铜鼓县', '132', null, null), ('1197', '丰城市', '132', null, null), ('1198', '樟树市', '132', null, null), ('1199', '高安市', '132', null, null), ('1200', '临川区', '133', null, null), ('1201', '南城县', '133', null, null), ('1202', '黎川县', '133', null, null), ('1203', '南丰县', '133', null, null), ('1204', '崇仁县', '133', null, null), ('1205', '乐安县', '133', null, null), ('1206', '宜黄县', '133', null, null), ('1207', '金溪县', '133', null, null), ('1208', '资溪县', '133', null, null), ('1209', '东乡县', '133', null, null), ('1210', '广昌县', '133', null, null), ('1211', '信州区', '134', null, null), ('1212', '上饶县', '134', null, null), ('1213', '广丰县', '134', null, null), ('1214', '玉山县', '134', null, null), ('1215', '铅山县', '134', null, null), ('1216', '横峰县', '134', null, null), ('1217', '弋阳县', '134', null, null), ('1218', '余干县', '134', null, null), ('1219', '鄱阳县', '134', null, null), ('1220', '万年县', '134', null, null), ('1221', '婺源县', '134', null, null), ('1222', '德兴市', '134', null, null), ('1223', '历下区', '135', null, null), ('1224', '市中区', '135', null, null), ('1225', '槐荫区', '135', null, null), ('1226', '天桥区', '135', null, null), ('1227', '历城区', '135', null, null), ('1228', '长清区', '135', null, null), ('1229', '平阴县', '135', null, null), ('1230', '济阳县', '135', null, null), ('1231', '商河县', '135', null, null), ('1232', '章丘市', '135', null, null), ('1233', '市南区', '136', null, null), ('1234', '市北区', '136', null, null), ('1235', '四方区', '136', null, null), ('1236', '黄岛区', '136', null, null), ('1237', '崂山区', '136', null, null), ('1238', '李沧区', '136', null, null), ('1239', '城阳区', '136', null, null), ('1240', '胶州市', '136', null, null), ('1241', '即墨市', '136', null, null), ('1242', '平度市', '136', null, null), ('1243', '胶南市', '136', null, null), ('1244', '莱西市', '136', null, null), ('1245', '淄川区', '137', null, null), ('1246', '张店区', '137', null, null), ('1247', '博山区', '137', null, null), ('1248', '临淄区', '137', null, null), ('1249', '周村区', '137', null, null), ('1250', '桓台县', '137', null, null), ('1251', '高青县', '137', null, null), ('1252', '沂源县', '137', null, null), ('1253', '市中区', '138', null, null), ('1254', '薛城区', '138', null, null), ('1255', '峄城区', '138', null, null), ('1256', '台儿庄区', '138', null, null), ('1257', '山亭区', '138', null, null), ('1258', '滕州市', '138', null, null), ('1259', '东营区', '139', null, null), ('1260', '河口区', '139', null, null), ('1261', '垦利县', '139', null, null), ('1262', '利津县', '139', null, null), ('1263', '广饶县', '139', null, null), ('1264', '芝罘区', '140', null, null), ('1265', '福山区', '140', null, null), ('1266', '牟平区', '140', null, null), ('1267', '莱山区', '140', null, null), ('1268', '长岛县', '140', null, null), ('1269', '龙口市', '140', null, null), ('1270', '莱阳市', '140', null, null), ('1271', '莱州市', '140', null, null), ('1272', '蓬莱市', '140', null, null), ('1273', '招远市', '140', null, null), ('1274', '栖霞市', '140', null, null), ('1275', '海阳市', '140', null, null), ('1276', '潍城区', '141', null, null), ('1277', '寒亭区', '141', null, null), ('1278', '坊子区', '141', null, null), ('1279', '奎文区', '141', null, null), ('1280', '临朐县', '141', null, null), ('1281', '昌乐县', '141', null, null), ('1282', '青州市', '141', null, null), ('1283', '诸城市', '141', null, null), ('1284', '寿光市', '141', null, null), ('1285', '安丘市', '141', null, null), ('1286', '高密市', '141', null, null), ('1287', '昌邑市', '141', null, null), ('1288', '市中区', '142', null, null), ('1289', '任城区', '142', null, null), ('1290', '微山县', '142', null, null), ('1291', '鱼台县', '142', null, null), ('1292', '金乡县', '142', null, null), ('1293', '嘉祥县', '142', null, null), ('1294', '汶上县', '142', null, null), ('1295', '泗水县', '142', null, null), ('1296', '梁山县', '142', null, null), ('1297', '曲阜市', '142', null, null), ('1298', '兖州市', '142', null, null), ('1299', '邹城市', '142', null, null), ('1300', '泰山区', '143', null, null), ('1301', '岱岳区', '143', null, null), ('1302', '宁阳县', '143', null, null), ('1303', '东平县', '143', null, null), ('1304', '新泰市', '143', null, null), ('1305', '肥城市', '143', null, null), ('1306', '环翠区', '144', null, null), ('1307', '文登市', '144', null, null), ('1308', '荣成市', '144', null, null), ('1309', '乳山市', '144', null, null), ('1310', '东港区', '145', null, null), ('1311', '岚山区', '145', null, null), ('1312', '五莲县', '145', null, null), ('1313', '莒县', '145', null, null), ('1314', '莱城区', '146', null, null), ('1315', '钢城区', '146', null, null), ('1316', '兰山区', '147', null, null), ('1317', '罗庄区', '147', null, null), ('1318', '河东区', '147', null, null), ('1319', '沂南县', '147', null, null), ('1320', '郯城县', '147', null, null), ('1321', '沂水县', '147', null, null), ('1322', '苍山县', '147', null, null), ('1323', '费县', '147', null, null), ('1324', '平邑县', '147', null, null), ('1325', '莒南县', '147', null, null), ('1326', '蒙阴县', '147', null, null), ('1327', '临沭县', '147', null, null), ('1328', '德城区', '148', null, null), ('1329', '陵县', '148', null, null), ('1330', '宁津县', '148', null, null), ('1331', '庆云县', '148', null, null), ('1332', '临邑县', '148', null, null), ('1333', '齐河县', '148', null, null), ('1334', '平原县', '148', null, null), ('1335', '夏津县', '148', null, null), ('1336', '武城县', '148', null, null), ('1337', '乐陵市', '148', null, null), ('1338', '禹城市', '148', null, null), ('1339', '东昌府区', '149', null, null), ('1340', '阳谷县', '149', null, null), ('1341', '莘县', '149', null, null), ('1342', '茌平县', '149', null, null), ('1343', '东阿县', '149', null, null), ('1344', '冠县', '149', null, null), ('1345', '高唐县', '149', null, null), ('1346', '临清市', '149', null, null), ('1347', '滨城区', '150', null, null), ('1348', '惠民县', '150', null, null), ('1349', '阳信县', '150', null, null), ('1350', '无棣县', '150', null, null), ('1351', '沾化县', '150', null, null), ('1352', '博兴县', '150', null, null), ('1353', '邹平县', '150', null, null), ('1354', '牡丹区', '151', null, null), ('1355', '曹县', '151', null, null), ('1356', '单县', '151', null, null), ('1357', '成武县', '151', null, null), ('1358', '巨野县', '151', null, null), ('1359', '郓城县', '151', null, null), ('1360', '鄄城县', '151', null, null), ('1361', '定陶县', '151', null, null), ('1362', '东明县', '151', null, null), ('1363', '中原区', '152', null, null), ('1364', '二七区', '152', null, null), ('1365', '管城回族区', '152', null, null), ('1366', '金水区', '152', null, null), ('1367', '上街区', '152', null, null), ('1368', '惠济区', '152', null, null), ('1369', '中牟县', '152', null, null), ('1370', '巩义市', '152', null, null), ('1371', '荥阳市', '152', null, null), ('1372', '新密市', '152', null, null), ('1373', '新郑市', '152', null, null), ('1374', '登封市', '152', null, null), ('1375', '龙亭区', '153', null, null), ('1376', '顺河回族区', '153', null, null), ('1377', '鼓楼区', '153', null, null), ('1378', '南关区', '153', null, null), ('1379', '郊区', '153', null, null), ('1380', '杞县', '153', null, null), ('1381', '通许县', '153', null, null), ('1382', '尉氏县', '153', null, null), ('1383', '开封县', '153', null, null), ('1384', '兰考县', '153', null, null), ('1385', '老城区', '154', null, null), ('1386', '西工区', '154', null, null), ('1387', '廛河回族区', '154', null, null), ('1388', '涧西区', '154', null, null), ('1389', '吉利区', '154', null, null), ('1390', '洛龙区', '154', null, null), ('1391', '孟津县', '154', null, null), ('1392', '新安县', '154', null, null), ('1393', '栾川县', '154', null, null), ('1394', '嵩县', '154', null, null), ('1395', '汝阳县', '154', null, null), ('1396', '宜阳县', '154', null, null), ('1397', '洛宁县', '154', null, null), ('1398', '伊川县', '154', null, null), ('1399', '偃师市', '154', null, null), ('1400', '新华区', '155', null, null), ('1401', '卫东区', '155', null, null), ('1402', '石龙区', '155', null, null), ('1403', '湛河区', '155', null, null), ('1404', '宝丰县', '155', null, null), ('1405', '叶县', '155', null, null), ('1406', '鲁山县', '155', null, null), ('1407', '郏县', '155', null, null), ('1408', '舞钢市', '155', null, null), ('1409', '汝州市', '155', null, null), ('1410', '文峰区', '156', null, null), ('1411', '北关区', '156', null, null), ('1412', '殷都区', '156', null, null), ('1413', '龙安区', '156', null, null), ('1414', '安阳县', '156', null, null), ('1415', '汤阴县', '156', null, null), ('1416', '滑县', '156', null, null), ('1417', '内黄县', '156', null, null), ('1418', '林州市', '156', null, null), ('1419', '鹤山区', '157', null, null), ('1420', '山城区', '157', null, null), ('1421', '淇滨区', '157', null, null), ('1422', '浚县', '157', null, null), ('1423', '淇县', '157', null, null), ('1424', '红旗区', '158', null, null), ('1425', '卫滨区', '158', null, null), ('1426', '凤泉区', '158', null, null), ('1427', '牧野区', '158', null, null), ('1428', '新乡县', '158', null, null), ('1429', '获嘉县', '158', null, null), ('1430', '原阳县', '158', null, null), ('1431', '延津县', '158', null, null), ('1432', '封丘县', '158', null, null), ('1433', '长垣县', '158', null, null), ('1434', '卫辉市', '158', null, null), ('1435', '辉县市', '158', null, null), ('1436', '解放区', '159', null, null), ('1437', '中站区', '159', null, null), ('1438', '马村区', '159', null, null), ('1439', '山阳区', '159', null, null), ('1440', '修武县', '159', null, null), ('1441', '博爱县', '159', null, null), ('1442', '武陟县', '159', null, null), ('1443', '温县', '159', null, null), ('1444', '济源市', '159', null, null), ('1445', '沁阳市', '159', null, null), ('1446', '孟州市', '159', null, null), ('1447', '华龙区', '160', null, null), ('1448', '清丰县', '160', null, null), ('1449', '南乐县', '160', null, null), ('1450', '范县', '160', null, null), ('1451', '台前县', '160', null, null), ('1452', '濮阳县', '160', null, null), ('1453', '魏都区', '161', null, null), ('1454', '许昌县', '161', null, null), ('1455', '鄢陵县', '161', null, null), ('1456', '襄城县', '161', null, null), ('1457', '禹州市', '161', null, null), ('1458', '长葛市', '161', null, null), ('1459', '源汇区', '162', null, null), ('1460', '郾城区', '162', null, null), ('1461', '召陵区', '162', null, null), ('1462', '舞阳县', '162', null, null), ('1463', '临颍县', '162', null, null), ('1464', '市辖区', '163', null, null), ('1465', '湖滨区', '163', null, null), ('1466', '渑池县', '163', null, null), ('1467', '陕县', '163', null, null), ('1468', '卢氏县', '163', null, null), ('1469', '义马市', '163', null, null), ('1470', '灵宝市', '163', null, null), ('1471', '宛城区', '164', null, null), ('1472', '卧龙区', '164', null, null), ('1473', '南召县', '164', null, null), ('1474', '方城县', '164', null, null), ('1475', '西峡县', '164', null, null), ('1476', '镇平县', '164', null, null), ('1477', '内乡县', '164', null, null), ('1478', '淅川县', '164', null, null), ('1479', '社旗县', '164', null, null), ('1480', '唐河县', '164', null, null), ('1481', '新野县', '164', null, null), ('1482', '桐柏县', '164', null, null), ('1483', '邓州市', '164', null, null), ('1484', '梁园区', '165', null, null), ('1485', '睢阳区', '165', null, null), ('1486', '民权县', '165', null, null), ('1487', '睢县', '165', null, null), ('1488', '宁陵县', '165', null, null), ('1489', '柘城县', '165', null, null), ('1490', '虞城县', '165', null, null), ('1491', '夏邑县', '165', null, null), ('1492', '永城市', '165', null, null), ('1493', '浉河区', '166', null, null), ('1494', '平桥区', '166', null, null), ('1495', '罗山县', '166', null, null), ('1496', '光山县', '166', null, null), ('1497', '新县', '166', null, null), ('1498', '商城县', '166', null, null), ('1499', '固始县', '166', null, null), ('1500', '潢川县', '166', null, null), ('1501', '淮滨县', '166', null, null), ('1502', '息县', '166', null, null), ('1503', '川汇区', '167', null, null), ('1504', '扶沟县', '167', null, null), ('1505', '西华县', '167', null, null), ('1506', '商水县', '167', null, null), ('1507', '沈丘县', '167', null, null), ('1508', '郸城县', '167', null, null), ('1509', '淮阳县', '167', null, null), ('1510', '太康县', '167', null, null), ('1511', '鹿邑县', '167', null, null), ('1512', '项城市', '167', null, null), ('1513', '驿城区', '168', null, null), ('1514', '西平县', '168', null, null), ('1515', '上蔡县', '168', null, null), ('1516', '平舆县', '168', null, null), ('1517', '正阳县', '168', null, null), ('1518', '确山县', '168', null, null), ('1519', '泌阳县', '168', null, null), ('1520', '汝南县', '168', null, null), ('1521', '遂平县', '168', null, null), ('1522', '新蔡县', '168', null, null), ('1523', '江岸区', '169', null, null), ('1524', '江汉区', '169', null, null), ('1525', '硚口区', '169', null, null), ('1526', '汉阳区', '169', null, null), ('1527', '武昌区', '169', null, null), ('1528', '青山区', '169', null, null), ('1529', '洪山区', '169', null, null), ('1530', '东西湖区', '169', null, null), ('1531', '汉南区', '169', null, null), ('1532', '蔡甸区', '169', null, null), ('1533', '江夏区', '169', null, null), ('1534', '黄陂区', '169', null, null), ('1535', '新洲区', '169', null, null), ('1536', '黄石港区', '170', null, null), ('1537', '西塞山区', '170', null, null), ('1538', '下陆区', '170', null, null), ('1539', '铁山区', '170', null, null), ('1540', '阳新县', '170', null, null), ('1541', '大冶市', '170', null, null), ('1542', '茅箭区', '171', null, null), ('1543', '张湾区', '171', null, null), ('1544', '郧县', '171', null, null), ('1545', '郧西县', '171', null, null), ('1546', '竹山县', '171', null, null), ('1547', '竹溪县', '171', null, null), ('1548', '房县', '171', null, null), ('1549', '丹江口市', '171', null, null), ('1550', '西陵区', '172', null, null), ('1551', '伍家岗区', '172', null, null), ('1552', '点军区', '172', null, null), ('1553', '猇亭区', '172', null, null), ('1554', '夷陵区', '172', null, null), ('1555', '远安县', '172', null, null), ('1556', '兴山县', '172', null, null), ('1557', '秭归县', '172', null, null), ('1558', '长阳土家族自治县', '172', null, null), ('1559', '五峰土家族自治县', '172', null, null), ('1560', '宜都市', '172', null, null), ('1561', '当阳市', '172', null, null), ('1562', '枝江市', '172', null, null), ('1563', '襄城区', '173', null, null), ('1564', '樊城区', '173', null, null), ('1565', '襄阳区', '173', null, null), ('1566', '南漳县', '173', null, null), ('1567', '谷城县', '173', null, null), ('1568', '保康县', '173', null, null), ('1569', '老河口市', '173', null, null), ('1570', '枣阳市', '173', null, null), ('1571', '宜城市', '173', null, null), ('1572', '梁子湖区', '174', null, null), ('1573', '华容区', '174', null, null), ('1574', '鄂城区', '174', null, null), ('1575', '东宝区', '175', null, null), ('1576', '掇刀区', '175', null, null), ('1577', '京山县', '175', null, null), ('1578', '沙洋县', '175', null, null), ('1579', '钟祥市', '175', null, null), ('1580', '孝南区', '176', null, null), ('1581', '孝昌县', '176', null, null), ('1582', '大悟县', '176', null, null), ('1583', '云梦县', '176', null, null), ('1584', '应城市', '176', null, null), ('1585', '安陆市', '176', null, null), ('1586', '汉川市', '176', null, null), ('1587', '沙市区', '177', null, null), ('1588', '荆州区', '177', null, null), ('1589', '公安县', '177', null, null), ('1590', '监利县', '177', null, null), ('1591', '江陵县', '177', null, null), ('1592', '石首市', '177', null, null), ('1593', '洪湖市', '177', null, null), ('1594', '松滋市', '177', null, null), ('1595', '黄州区', '178', null, null), ('1596', '团风县', '178', null, null), ('1597', '红安县', '178', null, null), ('1598', '罗田县', '178', null, null), ('1599', '英山县', '178', null, null), ('1600', '浠水县', '178', null, null), ('1601', '蕲春县', '178', null, null), ('1602', '黄梅县', '178', null, null), ('1603', '麻城市', '178', null, null), ('1604', '武穴市', '178', null, null), ('1605', '咸安区', '179', null, null), ('1606', '嘉鱼县', '179', null, null), ('1607', '通城县', '179', null, null), ('1608', '崇阳县', '179', null, null), ('1609', '通山县', '179', null, null), ('1610', '赤壁市', '179', null, null), ('1611', '曾都区', '180', null, null), ('1612', '广水市', '180', null, null), ('1613', '恩施市', '181', null, null), ('1614', '利川市', '181', null, null), ('1615', '建始县', '181', null, null), ('1616', '巴东县', '181', null, null), ('1617', '宣恩县', '181', null, null), ('1618', '咸丰县', '181', null, null), ('1619', '来凤县', '181', null, null), ('1620', '鹤峰县', '181', null, null), ('1621', '仙桃市', '182', null, null), ('1622', '潜江市', '182', null, null), ('1623', '天门市', '182', null, null), ('1624', '神农架林区', '182', null, null), ('1625', '芙蓉区', '183', null, null), ('1626', '天心区', '183', null, null), ('1627', '岳麓区', '183', null, null), ('1628', '开福区', '183', null, null), ('1629', '雨花区', '183', null, null), ('1630', '长沙县', '183', null, null), ('1631', '望城县', '183', null, null), ('1632', '宁乡县', '183', null, null), ('1633', '浏阳市', '183', null, null), ('1634', '荷塘区', '184', null, null), ('1635', '芦淞区', '184', null, null), ('1636', '石峰区', '184', null, null), ('1637', '天元区', '184', null, null), ('1638', '株洲县', '184', null, null), ('1639', '攸县', '184', null, null), ('1640', '茶陵县', '184', null, null), ('1641', '炎陵县', '184', null, null), ('1642', '醴陵市', '184', null, null), ('1643', '雨湖区', '185', null, null), ('1644', '岳塘区', '185', null, null), ('1645', '湘潭县', '185', null, null), ('1646', '湘乡市', '185', null, null), ('1647', '韶山市', '185', null, null), ('1648', '珠晖区', '186', null, null), ('1649', '雁峰区', '186', null, null), ('1650', '石鼓区', '186', null, null), ('1651', '蒸湘区', '186', null, null), ('1652', '南岳区', '186', null, null), ('1653', '衡阳县', '186', null, null), ('1654', '衡南县', '186', null, null), ('1655', '衡山县', '186', null, null), ('1656', '衡东县', '186', null, null), ('1657', '祁东县', '186', null, null), ('1658', '耒阳市', '186', null, null), ('1659', '常宁市', '186', null, null), ('1660', '双清区', '187', null, null), ('1661', '大祥区', '187', null, null), ('1662', '北塔区', '187', null, null), ('1663', '邵东县', '187', null, null), ('1664', '新邵县', '187', null, null), ('1665', '邵阳县', '187', null, null), ('1666', '隆回县', '187', null, null), ('1667', '洞口县', '187', null, null), ('1668', '绥宁县', '187', null, null), ('1669', '新宁县', '187', null, null), ('1670', '城步苗族自治县', '187', null, null), ('1671', '武冈市', '187', null, null), ('1672', '岳阳楼区', '188', null, null), ('1673', '云溪区', '188', null, null), ('1674', '君山区', '188', null, null), ('1675', '岳阳县', '188', null, null), ('1676', '华容县', '188', null, null), ('1677', '湘阴县', '188', null, null), ('1678', '平江县', '188', null, null), ('1679', '汨罗市', '188', null, null), ('1680', '临湘市', '188', null, null), ('1681', '武陵区', '189', null, null), ('1682', '鼎城区', '189', null, null), ('1683', '安乡县', '189', null, null), ('1684', '汉寿县', '189', null, null), ('1685', '澧县', '189', null, null), ('1686', '临澧县', '189', null, null), ('1687', '桃源县', '189', null, null), ('1688', '石门县', '189', null, null), ('1689', '津市市', '189', null, null), ('1690', '永定区', '190', null, null), ('1691', '武陵源区', '190', null, null), ('1692', '慈利县', '190', null, null), ('1693', '桑植县', '190', null, null), ('1694', '资阳区', '191', null, null), ('1695', '赫山区', '191', null, null), ('1696', '南县', '191', null, null), ('1697', '桃江县', '191', null, null), ('1698', '安化县', '191', null, null), ('1699', '沅江市', '191', null, null), ('1700', '北湖区', '192', null, null), ('1701', '苏仙区', '192', null, null), ('1702', '桂阳县', '192', null, null), ('1703', '宜章县', '192', null, null), ('1704', '永兴县', '192', null, null), ('1705', '嘉禾县', '192', null, null), ('1706', '临武县', '192', null, null), ('1707', '汝城县', '192', null, null), ('1708', '桂东县', '192', null, null), ('1709', '安仁县', '192', null, null), ('1710', '资兴市', '192', null, null), ('1711', '芝山区', '193', null, null), ('1712', '冷水滩区', '193', null, null), ('1713', '祁阳县', '193', null, null), ('1714', '东安县', '193', null, null), ('1715', '双牌县', '193', null, null), ('1716', '道县', '193', null, null), ('1717', '江永县', '193', null, null), ('1718', '宁远县', '193', null, null), ('1719', '蓝山县', '193', null, null), ('1720', '新田县', '193', null, null), ('1721', '江华瑶族自治县', '193', null, null), ('1722', '鹤城区', '194', null, null), ('1723', '中方县', '194', null, null), ('1724', '沅陵县', '194', null, null), ('1725', '辰溪县', '194', null, null), ('1726', '溆浦县', '194', null, null), ('1727', '会同县', '194', null, null), ('1728', '麻阳苗族自治县', '194', null, null), ('1729', '新晃侗族自治县', '194', null, null), ('1730', '芷江侗族自治县', '194', null, null), ('1731', '靖州苗族侗族自治县', '194', null, null), ('1732', '通道侗族自治县', '194', null, null), ('1733', '洪江市', '194', null, null), ('1734', '娄星区', '195', null, null), ('1735', '双峰县', '195', null, null), ('1736', '新化县', '195', null, null), ('1737', '冷水江市', '195', null, null), ('1738', '涟源市', '195', null, null), ('1739', '吉首市', '196', null, null), ('1740', '泸溪县', '196', null, null), ('1741', '凤凰县', '196', null, null), ('1742', '花垣县', '196', null, null), ('1743', '保靖县', '196', null, null), ('1744', '古丈县', '196', null, null), ('1745', '永顺县', '196', null, null), ('1746', '龙山县', '196', null, null), ('1747', '东山区', '197', null, null), ('1748', '荔湾区', '197', null, null), ('1749', '越秀区', '197', null, null), ('1750', '海珠区', '197', null, null), ('1751', '天河区', '197', null, null), ('1752', '芳村区', '197', null, null), ('1753', '白云区', '197', null, null), ('1754', '黄埔区', '197', null, null), ('1755', '番禺区', '197', null, null), ('1756', '花都区', '197', null, null), ('1757', '增城市', '197', null, null), ('1758', '从化市', '197', null, null), ('1759', '武江区', '198', null, null), ('1760', '浈江区', '198', null, null), ('1761', '曲江区', '198', null, null), ('1762', '始兴县', '198', null, null), ('1763', '仁化县', '198', null, null), ('1764', '翁源县', '198', null, null), ('1765', '乳源瑶族自治县', '198', null, null), ('1766', '新丰县', '198', null, null), ('1767', '乐昌市', '198', null, null), ('1768', '南雄市', '198', null, null), ('1769', '罗湖区', '199', null, null), ('1770', '福田区', '199', null, null), ('1771', '南山区', '199', null, null), ('1772', '宝安区', '199', null, null), ('1773', '龙岗区', '199', null, null), ('1774', '盐田区', '199', null, null), ('1775', '香洲区', '200', null, null), ('1776', '斗门区', '200', null, null), ('1777', '金湾区', '200', null, null), ('1778', '龙湖区', '201', null, null), ('1779', '金平区', '201', null, null), ('1780', '濠江区', '201', null, null), ('1781', '潮阳区', '201', null, null), ('1782', '潮南区', '201', null, null), ('1783', '澄海区', '201', null, null), ('1784', '南澳县', '201', null, null), ('1785', '禅城区', '202', null, null), ('1786', '南海区', '202', null, null), ('1787', '顺德区', '202', null, null), ('1788', '三水区', '202', null, null), ('1789', '高明区', '202', null, null), ('1790', '蓬江区', '203', null, null), ('1791', '江海区', '203', null, null), ('1792', '新会区', '203', null, null), ('1793', '台山市', '203', null, null), ('1794', '开平市', '203', null, null), ('1795', '鹤山市', '203', null, null), ('1796', '恩平市', '203', null, null), ('1797', '赤坎区', '204', null, null), ('1798', '霞山区', '204', null, null), ('1799', '坡头区', '204', null, null), ('1800', '麻章区', '204', null, null), ('1801', '遂溪县', '204', null, null), ('1802', '徐闻县', '204', null, null), ('1803', '廉江市', '204', null, null), ('1804', '雷州市', '204', null, null), ('1805', '吴川市', '204', null, null), ('1806', '茂南区', '205', null, null), ('1807', '茂港区', '205', null, null), ('1808', '电白县', '205', null, null), ('1809', '高州市', '205', null, null), ('1810', '化州市', '205', null, null), ('1811', '信宜市', '205', null, null), ('1812', '端州区', '206', null, null), ('1813', '鼎湖区', '206', null, null), ('1814', '广宁县', '206', null, null), ('1815', '怀集县', '206', null, null), ('1816', '封开县', '206', null, null), ('1817', '德庆县', '206', null, null), ('1818', '高要市', '206', null, null), ('1819', '四会市', '206', null, null), ('1820', '惠城区', '207', null, null), ('1821', '惠阳区', '207', null, null), ('1822', '博罗县', '207', null, null), ('1823', '惠东县', '207', null, null), ('1824', '龙门县', '207', null, null), ('1825', '梅江区', '208', null, null), ('1826', '梅县', '208', null, null), ('1827', '大埔县', '208', null, null), ('1828', '丰顺县', '208', null, null), ('1829', '五华县', '208', null, null), ('1830', '平远县', '208', null, null), ('1831', '蕉岭县', '208', null, null), ('1832', '兴宁市', '208', null, null), ('1833', '城区', '209', null, null), ('1834', '海丰县', '209', null, null), ('1835', '陆河县', '209', null, null), ('1836', '陆丰市', '209', null, null), ('1837', '源城区', '210', null, null), ('1838', '紫金县', '210', null, null), ('1839', '龙川县', '210', null, null), ('1840', '连平县', '210', null, null), ('1841', '和平县', '210', null, null), ('1842', '东源县', '210', null, null), ('1843', '江城区', '211', null, null), ('1844', '阳西县', '211', null, null), ('1845', '阳东县', '211', null, null), ('1846', '阳春市', '211', null, null), ('1847', '清城区', '212', null, null), ('1848', '佛冈县', '212', null, null), ('1849', '阳山县', '212', null, null), ('1850', '连山壮族瑶族自治县', '212', null, null), ('1851', '连南瑶族自治县', '212', null, null), ('1852', '清新县', '212', null, null), ('1853', '英德市', '212', null, null), ('1854', '连州市', '212', null, null), ('1855', '湘桥区', '215', null, null), ('1856', '潮安县', '215', null, null), ('1857', '饶平县', '215', null, null), ('1858', '榕城区', '216', null, null), ('1859', '揭东县', '216', null, null), ('1860', '揭西县', '216', null, null), ('1861', '惠来县', '216', null, null), ('1862', '普宁市', '216', null, null), ('1863', '云城区', '217', null, null), ('1864', '新兴县', '217', null, null), ('1865', '郁南县', '217', null, null), ('1866', '云安县', '217', null, null), ('1867', '罗定市', '217', null, null), ('1868', '兴宁区', '218', null, null), ('1869', '青秀区', '218', null, null), ('1870', '江南区', '218', null, null), ('1871', '西乡塘区', '218', null, null), ('1872', '良庆区', '218', null, null), ('1873', '邕宁区', '218', null, null), ('1874', '武鸣县', '218', null, null), ('1875', '隆安县', '218', null, null);
INSERT INTO `tbl_s_district` VALUES ('1876', '马山县', '218', null, null), ('1877', '上林县', '218', null, null), ('1878', '宾阳县', '218', null, null), ('1879', '横县', '218', null, null), ('1880', '城中区', '219', null, null), ('1881', '鱼峰区', '219', null, null), ('1882', '柳南区', '219', null, null), ('1883', '柳北区', '219', null, null), ('1884', '柳江县', '219', null, null), ('1885', '柳城县', '219', null, null), ('1886', '鹿寨县', '219', null, null), ('1887', '融安县', '219', null, null), ('1888', '融水苗族自治县', '219', null, null), ('1889', '三江侗族自治县', '219', null, null), ('1890', '秀峰区', '220', null, null), ('1891', '叠彩区', '220', null, null), ('1892', '象山区', '220', null, null), ('1893', '七星区', '220', null, null), ('1894', '雁山区', '220', null, null), ('1895', '阳朔县', '220', null, null), ('1896', '临桂县', '220', null, null), ('1897', '灵川县', '220', null, null), ('1898', '全州县', '220', null, null), ('1899', '兴安县', '220', null, null), ('1900', '永福县', '220', null, null), ('1901', '灌阳县', '220', null, null), ('1902', '龙胜各族自治县', '220', null, null), ('1903', '资源县', '220', null, null), ('1904', '平乐县', '220', null, null), ('1905', '荔蒲县', '220', null, null), ('1906', '恭城瑶族自治县', '220', null, null), ('1907', '万秀区', '221', null, null), ('1908', '蝶山区', '221', null, null), ('1909', '长洲区', '221', null, null), ('1910', '苍梧县', '221', null, null), ('1911', '藤县', '221', null, null), ('1912', '蒙山县', '221', null, null), ('1913', '岑溪市', '221', null, null), ('1914', '海城区', '222', null, null), ('1915', '银海区', '222', null, null), ('1916', '铁山港区', '222', null, null), ('1917', '合浦县', '222', null, null), ('1918', '港口区', '223', null, null), ('1919', '防城区', '223', null, null), ('1920', '上思县', '223', null, null), ('1921', '东兴市', '223', null, null), ('1922', '钦南区', '224', null, null), ('1923', '钦北区', '224', null, null), ('1924', '灵山县', '224', null, null), ('1925', '浦北县', '224', null, null), ('1926', '港北区', '225', null, null), ('1927', '港南区', '225', null, null), ('1928', '覃塘区', '225', null, null), ('1929', '平南县', '225', null, null), ('1930', '桂平市', '225', null, null), ('1931', '玉州区', '226', null, null), ('1932', '容县', '226', null, null), ('1933', '陆川县', '226', null, null), ('1934', '博白县', '226', null, null), ('1935', '兴业县', '226', null, null), ('1936', '北流市', '226', null, null), ('1937', '右江区', '227', null, null), ('1938', '田阳县', '227', null, null), ('1939', '田东县', '227', null, null), ('1940', '平果县', '227', null, null), ('1941', '德保县', '227', null, null), ('1942', '靖西县', '227', null, null), ('1943', '那坡县', '227', null, null), ('1944', '凌云县', '227', null, null), ('1945', '乐业县', '227', null, null), ('1946', '田林县', '227', null, null), ('1947', '西林县', '227', null, null), ('1948', '隆林各族自治县', '227', null, null), ('1949', '八步区', '228', null, null), ('1950', '昭平县', '228', null, null), ('1951', '钟山县', '228', null, null), ('1952', '富川瑶族自治县', '228', null, null), ('1953', '金城江区', '229', null, null), ('1954', '南丹县', '229', null, null), ('1955', '天峨县', '229', null, null), ('1956', '凤山县', '229', null, null), ('1957', '东兰县', '229', null, null), ('1958', '罗城仫佬族自治县', '229', null, null), ('1959', '环江毛南族自治县', '229', null, null), ('1960', '巴马瑶族自治县', '229', null, null), ('1961', '都安瑶族自治县', '229', null, null), ('1962', '大化瑶族自治县', '229', null, null), ('1963', '宜州市', '229', null, null), ('1964', '兴宾区', '230', null, null), ('1965', '忻城县', '230', null, null), ('1966', '象州县', '230', null, null), ('1967', '武宣县', '230', null, null), ('1968', '金秀瑶族自治县', '230', null, null), ('1969', '合山市', '230', null, null), ('1970', '江洲区', '231', null, null), ('1971', '扶绥县', '231', null, null), ('1972', '宁明县', '231', null, null), ('1973', '龙州县', '231', null, null), ('1974', '大新县', '231', null, null), ('1975', '天等县', '231', null, null), ('1976', '凭祥市', '231', null, null), ('1977', '秀英区', '232', null, null), ('1978', '龙华区', '232', null, null), ('1979', '琼山区', '232', null, null), ('1980', '美兰区', '232', null, null), ('1981', '五指山市', '233', null, null), ('1982', '琼海市', '233', null, null), ('1983', '儋州市', '233', null, null), ('1984', '文昌市', '233', null, null), ('1985', '万宁市', '233', null, null), ('1986', '东方市', '233', null, null), ('1987', '定安县', '233', null, null), ('1988', '屯昌县', '233', null, null), ('1989', '澄迈县', '233', null, null), ('1990', '临高县', '233', null, null), ('1991', '白沙黎族自治县', '233', null, null), ('1992', '昌江黎族自治县', '233', null, null), ('1993', '乐东黎族自治县', '233', null, null), ('1994', '陵水黎族自治县', '233', null, null), ('1995', '保亭黎族苗族自治县', '233', null, null), ('1996', '琼中黎族苗族自治县', '233', null, null), ('1997', '西沙群岛', '233', null, null), ('1998', '南沙群岛', '233', null, null), ('1999', '中沙群岛的岛礁及其海域', '233', null, null), ('2000', '万州区', '234', null, null), ('2001', '涪陵区', '234', null, null), ('2002', '渝中区', '234', null, null), ('2003', '大渡口区', '234', null, null), ('2004', '江北区', '234', null, null), ('2005', '沙坪坝区', '234', null, null), ('2006', '九龙坡区', '234', null, null), ('2007', '南岸区', '234', null, null), ('2008', '北碚区', '234', null, null), ('2009', '万盛区', '234', null, null), ('2010', '双桥区', '234', null, null), ('2011', '渝北区', '234', null, null), ('2012', '巴南区', '234', null, null), ('2013', '黔江区', '234', null, null), ('2014', '长寿区', '234', null, null), ('2015', '綦江县', '234', null, null), ('2016', '潼南县', '234', null, null), ('2017', '铜梁县', '234', null, null), ('2018', '大足县', '234', null, null), ('2019', '荣昌县', '234', null, null), ('2020', '璧山县', '234', null, null), ('2021', '梁平县', '234', null, null), ('2022', '城口县', '234', null, null), ('2023', '丰都县', '234', null, null), ('2024', '垫江县', '234', null, null), ('2025', '武隆县', '234', null, null), ('2026', '忠县', '234', null, null), ('2027', '开县', '234', null, null), ('2028', '云阳县', '234', null, null), ('2029', '奉节县', '234', null, null), ('2030', '巫山县', '234', null, null), ('2031', '巫溪县', '234', null, null), ('2032', '石柱土家族自治县', '234', null, null), ('2033', '秀山土家族苗族自治县', '234', null, null), ('2034', '酉阳土家族苗族自治县', '234', null, null), ('2035', '彭水苗族土家族自治县', '234', null, null), ('2036', '江津市', '234', null, null), ('2037', '合川市', '234', null, null), ('2038', '永川市', '234', null, null), ('2039', '南川市', '234', null, null), ('2040', '锦江区', '235', null, null), ('2041', '青羊区', '235', null, null), ('2042', '金牛区', '235', null, null), ('2043', '武侯区', '235', null, null), ('2044', '成华区', '235', null, null), ('2045', '龙泉驿区', '235', null, null), ('2046', '青白江区', '235', null, null), ('2047', '新都区', '235', null, null), ('2048', '温江区', '235', null, null), ('2049', '金堂县', '235', null, null), ('2050', '双流县', '235', null, null), ('2051', '郫县', '235', null, null), ('2052', '大邑县', '235', null, null), ('2053', '蒲江县', '235', null, null), ('2054', '新津县', '235', null, null), ('2055', '都江堰市', '235', null, null), ('2056', '彭州市', '235', null, null), ('2057', '邛崃市', '235', null, null), ('2058', '崇州市', '235', null, null), ('2059', '自流井区', '236', null, null), ('2060', '贡井区', '236', null, null), ('2061', '大安区', '236', null, null), ('2062', '沿滩区', '236', null, null), ('2063', '荣县', '236', null, null), ('2064', '富顺县', '236', null, null), ('2065', '东区', '237', null, null), ('2066', '西区', '237', null, null), ('2067', '仁和区', '237', null, null), ('2068', '米易县', '237', null, null), ('2069', '盐边县', '237', null, null), ('2070', '江阳区', '238', null, null), ('2071', '纳溪区', '238', null, null), ('2072', '龙马潭区', '238', null, null), ('2073', '泸县', '238', null, null), ('2074', '合江县', '238', null, null), ('2075', '叙永县', '238', null, null), ('2076', '古蔺县', '238', null, null), ('2077', '旌阳区', '239', null, null), ('2078', '中江县', '239', null, null), ('2079', '罗江县', '239', null, null), ('2080', '广汉市', '239', null, null), ('2081', '什邡市', '239', null, null), ('2082', '绵竹市', '239', null, null), ('2083', '涪城区', '240', null, null), ('2084', '游仙区', '240', null, null), ('2085', '三台县', '240', null, null), ('2086', '盐亭县', '240', null, null), ('2087', '安县', '240', null, null), ('2088', '梓潼县', '240', null, null), ('2089', '北川羌族自治县', '240', null, null), ('2090', '平武县', '240', null, null), ('2091', '江油市', '240', null, null), ('2092', '市中区', '241', null, null), ('2093', '元坝区', '241', null, null), ('2094', '朝天区', '241', null, null), ('2095', '旺苍县', '241', null, null), ('2096', '青川县', '241', null, null), ('2097', '剑阁县', '241', null, null), ('2098', '苍溪县', '241', null, null), ('2099', '船山区', '242', null, null), ('2100', '安居区', '242', null, null), ('2101', '蓬溪县', '242', null, null), ('2102', '射洪县', '242', null, null), ('2103', '大英县', '242', null, null), ('2104', '市中区', '243', null, null), ('2105', '东兴区', '243', null, null), ('2106', '威远县', '243', null, null), ('2107', '资中县', '243', null, null), ('2108', '隆昌县', '243', null, null), ('2109', '市中区', '244', null, null), ('2110', '沙湾区', '244', null, null), ('2111', '五通桥区', '244', null, null), ('2112', '金口河区', '244', null, null), ('2113', '犍为县', '244', null, null), ('2114', '井研县', '244', null, null), ('2115', '夹江县', '244', null, null), ('2116', '沐川县', '244', null, null), ('2117', '峨边彝族自治县', '244', null, null), ('2118', '马边彝族自治县', '244', null, null), ('2119', '峨眉山市', '244', null, null), ('2120', '顺庆区', '245', null, null), ('2121', '高坪区', '245', null, null), ('2122', '嘉陵区', '245', null, null), ('2123', '南部县', '245', null, null), ('2124', '营山县', '245', null, null), ('2125', '蓬安县', '245', null, null), ('2126', '仪陇县', '245', null, null), ('2127', '西充县', '245', null, null), ('2128', '阆中市', '245', null, null), ('2129', '东坡区', '246', null, null), ('2130', '仁寿县', '246', null, null), ('2131', '彭山县', '246', null, null), ('2132', '洪雅县', '246', null, null), ('2133', '丹棱县', '246', null, null), ('2134', '青神县', '246', null, null), ('2135', '翠屏区', '247', null, null), ('2136', '宜宾县', '247', null, null), ('2137', '南溪县', '247', null, null), ('2138', '江安县', '247', null, null), ('2139', '长宁县', '247', null, null), ('2140', '高县', '247', null, null), ('2141', '珙县', '247', null, null), ('2142', '筠连县', '247', null, null), ('2143', '兴文县', '247', null, null), ('2144', '屏山县', '247', null, null), ('2145', '广安区', '248', null, null), ('2146', '岳池县', '248', null, null), ('2147', '武胜县', '248', null, null), ('2148', '邻水县', '248', null, null), ('2149', '华蓥市', '248', null, null), ('2150', '通川区', '249', null, null), ('2151', '达县', '249', null, null), ('2152', '宣汉县', '249', null, null), ('2153', '开江县', '249', null, null), ('2154', '大竹县', '249', null, null), ('2155', '渠县', '249', null, null), ('2156', '万源市', '249', null, null), ('2157', '雨城区', '250', null, null), ('2158', '名山县', '250', null, null), ('2159', '荥经县', '250', null, null), ('2160', '汉源县', '250', null, null), ('2161', '石棉县', '250', null, null), ('2162', '天全县', '250', null, null), ('2163', '芦山县', '250', null, null), ('2164', '宝兴县', '250', null, null), ('2165', '巴州区', '251', null, null), ('2166', '通江县', '251', null, null), ('2167', '南江县', '251', null, null), ('2168', '平昌县', '251', null, null), ('2169', '雁江区', '252', null, null), ('2170', '安岳县', '252', null, null), ('2171', '乐至县', '252', null, null), ('2172', '简阳市', '252', null, null), ('2173', '汶川县', '253', null, null), ('2174', '理县', '253', null, null), ('2175', '茂县', '253', null, null), ('2176', '松潘县', '253', null, null), ('2177', '九寨沟县', '253', null, null), ('2178', '金川县', '253', null, null), ('2179', '小金县', '253', null, null), ('2180', '黑水县', '253', null, null), ('2181', '马尔康县', '253', null, null), ('2182', '壤塘县', '253', null, null), ('2183', '阿坝县', '253', null, null), ('2184', '若尔盖县', '253', null, null), ('2185', '红原县', '253', null, null), ('2186', '康定县', '254', null, null), ('2187', '泸定县', '254', null, null), ('2188', '丹巴县', '254', null, null), ('2189', '九龙县', '254', null, null), ('2190', '雅江县', '254', null, null), ('2191', '道孚县', '254', null, null), ('2192', '炉霍县', '254', null, null), ('2193', '甘孜县', '254', null, null), ('2194', '新龙县', '254', null, null), ('2195', '德格县', '254', null, null), ('2196', '白玉县', '254', null, null), ('2197', '石渠县', '254', null, null), ('2198', '色达县', '254', null, null), ('2199', '理塘县', '254', null, null), ('2200', '巴塘县', '254', null, null), ('2201', '乡城县', '254', null, null), ('2202', '稻城县', '254', null, null), ('2203', '得荣县', '254', null, null), ('2204', '西昌市', '255', null, null), ('2205', '木里藏族自治县', '255', null, null), ('2206', '盐源县', '255', null, null), ('2207', '德昌县', '255', null, null), ('2208', '会理县', '255', null, null), ('2209', '会东县', '255', null, null), ('2210', '宁南县', '255', null, null), ('2211', '普格县', '255', null, null), ('2212', '布拖县', '255', null, null), ('2213', '金阳县', '255', null, null), ('2214', '昭觉县', '255', null, null), ('2215', '喜德县', '255', null, null), ('2216', '冕宁县', '255', null, null), ('2217', '越西县', '255', null, null), ('2218', '甘洛县', '255', null, null), ('2219', '美姑县', '255', null, null), ('2220', '雷波县', '255', null, null), ('2221', '南明区', '256', null, null), ('2222', '云岩区', '256', null, null), ('2223', '花溪区', '256', null, null), ('2224', '乌当区', '256', null, null), ('2225', '白云区', '256', null, null), ('2226', '小河区', '256', null, null), ('2227', '开阳县', '256', null, null), ('2228', '息烽县', '256', null, null), ('2229', '修文县', '256', null, null), ('2230', '清镇市', '256', null, null), ('2231', '钟山区', '257', null, null), ('2232', '六枝特区', '257', null, null), ('2233', '水城县', '257', null, null), ('2234', '盘县', '257', null, null), ('2235', '红花岗区', '258', null, null), ('2236', '汇川区', '258', null, null), ('2237', '遵义县', '258', null, null), ('2238', '桐梓县', '258', null, null), ('2239', '绥阳县', '258', null, null), ('2240', '正安县', '258', null, null), ('2241', '道真仡佬族苗族自治县', '258', null, null), ('2242', '务川仡佬族苗族自治县', '258', null, null), ('2243', '凤冈县', '258', null, null), ('2244', '湄潭县', '258', null, null), ('2245', '余庆县', '258', null, null), ('2246', '习水县', '258', null, null), ('2247', '赤水市', '258', null, null), ('2248', '仁怀市', '258', null, null), ('2249', '西秀区', '259', null, null), ('2250', '平坝县', '259', null, null), ('2251', '普定县', '259', null, null), ('2252', '镇宁布依族苗族自治县', '259', null, null), ('2253', '关岭布依族苗族自治县', '259', null, null), ('2254', '紫云苗族布依族自治县', '259', null, null), ('2255', '铜仁市', '260', null, null), ('2256', '江口县', '260', null, null), ('2257', '玉屏侗族自治县', '260', null, null), ('2258', '石阡县', '260', null, null), ('2259', '思南县', '260', null, null), ('2260', '印江土家族苗族自治县', '260', null, null), ('2261', '德江县', '260', null, null), ('2262', '沿河土家族自治县', '260', null, null), ('2263', '松桃苗族自治县', '260', null, null), ('2264', '万山特区', '260', null, null), ('2265', '兴义市', '261', null, null), ('2266', '兴仁县', '261', null, null), ('2267', '普安县', '261', null, null), ('2268', '晴隆县', '261', null, null), ('2269', '贞丰县', '261', null, null), ('2270', '望谟县', '261', null, null), ('2271', '册亨县', '261', null, null), ('2272', '安龙县', '261', null, null), ('2273', '毕节市', '262', null, null), ('2274', '大方县', '262', null, null), ('2275', '黔西县', '262', null, null), ('2276', '金沙县', '262', null, null), ('2277', '织金县', '262', null, null), ('2278', '纳雍县', '262', null, null), ('2279', '威宁彝族回族苗族自治县', '262', null, null), ('2280', '赫章县', '262', null, null), ('2281', '凯里市', '263', null, null), ('2282', '黄平县', '263', null, null), ('2283', '施秉县', '263', null, null), ('2284', '三穗县', '263', null, null), ('2285', '镇远县', '263', null, null), ('2286', '岑巩县', '263', null, null), ('2287', '天柱县', '263', null, null), ('2288', '锦屏县', '263', null, null), ('2289', '剑河县', '263', null, null), ('2290', '台江县', '263', null, null), ('2291', '黎平县', '263', null, null), ('2292', '榕江县', '263', null, null), ('2293', '从江县', '263', null, null), ('2294', '雷山县', '263', null, null), ('2295', '麻江县', '263', null, null), ('2296', '丹寨县', '263', null, null), ('2297', '都匀市', '264', null, null), ('2298', '福泉市', '264', null, null), ('2299', '荔波县', '264', null, null), ('2300', '贵定县', '264', null, null), ('2301', '瓮安县', '264', null, null), ('2302', '独山县', '264', null, null), ('2303', '平塘县', '264', null, null), ('2304', '罗甸县', '264', null, null), ('2305', '长顺县', '264', null, null), ('2306', '龙里县', '264', null, null), ('2307', '惠水县', '264', null, null), ('2308', '三都水族自治县', '264', null, null), ('2309', '五华区', '265', null, null), ('2310', '盘龙区', '265', null, null), ('2311', '官渡区', '265', null, null), ('2312', '西山区', '265', null, null), ('2313', '东川区', '265', null, null), ('2314', '呈贡县', '265', null, null), ('2315', '晋宁县', '265', null, null), ('2316', '富民县', '265', null, null), ('2317', '宜良县', '265', null, null), ('2318', '石林彝族自治县', '265', null, null), ('2319', '嵩明县', '265', null, null), ('2320', '禄劝彝族苗族自治县', '265', null, null), ('2321', '寻甸回族彝族自治县', '265', null, null), ('2322', '安宁市', '265', null, null), ('2323', '麒麟区', '266', null, null), ('2324', '马龙县', '266', null, null), ('2325', '陆良县', '266', null, null), ('2326', '师宗县', '266', null, null), ('2327', '罗平县', '266', null, null), ('2328', '富源县', '266', null, null), ('2329', '会泽县', '266', null, null), ('2330', '沾益县', '266', null, null), ('2331', '宣威市', '266', null, null), ('2332', '红塔区', '267', null, null), ('2333', '江川县', '267', null, null), ('2334', '澄江县', '267', null, null), ('2335', '通海县', '267', null, null), ('2336', '华宁县', '267', null, null), ('2337', '易门县', '267', null, null), ('2338', '峨山彝族自治县', '267', null, null), ('2339', '新平彝族傣族自治县', '267', null, null), ('2340', '元江哈尼族彝族傣族自治县', '267', null, null), ('2341', '隆阳区', '268', null, null), ('2342', '施甸县', '268', null, null), ('2343', '腾冲县', '268', null, null), ('2344', '龙陵县', '268', null, null), ('2345', '昌宁县', '268', null, null), ('2346', '昭阳区', '269', null, null), ('2347', '鲁甸县', '269', null, null), ('2348', '巧家县', '269', null, null), ('2349', '盐津县', '269', null, null), ('2350', '大关县', '269', null, null), ('2351', '永善县', '269', null, null), ('2352', '绥江县', '269', null, null), ('2353', '镇雄县', '269', null, null), ('2354', '彝良县', '269', null, null), ('2355', '威信县', '269', null, null), ('2356', '水富县', '269', null, null), ('2357', '古城区', '270', null, null), ('2358', '玉龙纳西族自治县', '270', null, null), ('2359', '永胜县', '270', null, null), ('2360', '华坪县', '270', null, null), ('2361', '宁蒗彝族自治县', '270', null, null), ('2362', '翠云区', '271', null, null), ('2363', '普洱哈尼族彝族自治县', '271', null, null), ('2364', '墨江哈尼族自治县', '271', null, null), ('2365', '景东彝族自治县', '271', null, null), ('2366', '景谷傣族彝族自治县', '271', null, null), ('2367', '镇沅彝族哈尼族拉祜族自治县', '271', null, null), ('2368', '江城哈尼族彝族自治县', '271', null, null), ('2369', '孟连傣族拉祜族佤族自治县', '271', null, null), ('2370', '澜沧拉祜族自治县', '271', null, null), ('2371', '西盟佤族自治县', '271', null, null), ('2372', '临翔区', '272', null, null), ('2373', '凤庆县', '272', null, null), ('2374', '云县', '272', null, null), ('2375', '永德县', '272', null, null), ('2376', '镇康县', '272', null, null), ('2377', '双江拉祜族佤族布朗族傣族自治县', '272', null, null), ('2378', '耿马傣族佤族自治县', '272', null, null), ('2379', '沧源佤族自治县', '272', null, null), ('2380', '楚雄市', '273', null, null), ('2381', '双柏县', '273', null, null), ('2382', '牟定县', '273', null, null), ('2383', '南华县', '273', null, null), ('2384', '姚安县', '273', null, null), ('2385', '大姚县', '273', null, null), ('2386', '永仁县', '273', null, null), ('2387', '元谋县', '273', null, null), ('2388', '武定县', '273', null, null), ('2389', '禄丰县', '273', null, null), ('2390', '个旧市', '274', null, null), ('2391', '开远市', '274', null, null), ('2392', '蒙自县', '274', null, null), ('2393', '屏边苗族自治县', '274', null, null), ('2394', '建水县', '274', null, null), ('2395', '石屏县', '274', null, null), ('2396', '弥勒县', '274', null, null), ('2397', '泸西县', '274', null, null), ('2398', '元阳县', '274', null, null), ('2399', '红河县', '274', null, null), ('2400', '金平苗族瑶族傣族自治县', '274', null, null), ('2401', '绿春县', '274', null, null), ('2402', '河口瑶族自治县', '274', null, null), ('2403', '文山县', '275', null, null), ('2404', '砚山县', '275', null, null), ('2405', '西畴县', '275', null, null), ('2406', '麻栗坡县', '275', null, null), ('2407', '马关县', '275', null, null), ('2408', '丘北县', '275', null, null), ('2409', '广南县', '275', null, null), ('2410', '富宁县', '275', null, null), ('2411', '景洪市', '276', null, null), ('2412', '勐海县', '276', null, null), ('2413', '勐腊县', '276', null, null), ('2414', '大理市', '277', null, null), ('2415', '漾濞彝族自治县', '277', null, null), ('2416', '祥云县', '277', null, null), ('2417', '宾川县', '277', null, null), ('2418', '弥渡县', '277', null, null), ('2419', '南涧彝族自治县', '277', null, null), ('2420', '巍山彝族回族自治县', '277', null, null), ('2421', '永平县', '277', null, null), ('2422', '云龙县', '277', null, null), ('2423', '洱源县', '277', null, null), ('2424', '剑川县', '277', null, null), ('2425', '鹤庆县', '277', null, null), ('2426', '瑞丽市', '278', null, null), ('2427', '潞西市', '278', null, null), ('2428', '梁河县', '278', null, null), ('2429', '盈江县', '278', null, null), ('2430', '陇川县', '278', null, null), ('2431', '泸水县', '279', null, null), ('2432', '福贡县', '279', null, null), ('2433', '贡山独龙族怒族自治县', '279', null, null), ('2434', '兰坪白族普米族自治县', '279', null, null), ('2435', '香格里拉县', '280', null, null), ('2436', '德钦县', '280', null, null), ('2437', '维西傈僳族自治县', '280', null, null), ('2438', '城关区', '281', null, null), ('2439', '林周县', '281', null, null), ('2440', '当雄县', '281', null, null), ('2441', '尼木县', '281', null, null), ('2442', '曲水县', '281', null, null), ('2443', '堆龙德庆县', '281', null, null), ('2444', '达孜县', '281', null, null), ('2445', '墨竹工卡县', '281', null, null), ('2446', '昌都县', '282', null, null), ('2447', '江达县', '282', null, null), ('2448', '贡觉县', '282', null, null), ('2449', '类乌齐县', '282', null, null), ('2450', '丁青县', '282', null, null), ('2451', '察雅县', '282', null, null), ('2452', '八宿县', '282', null, null), ('2453', '左贡县', '282', null, null), ('2454', '芒康县', '282', null, null), ('2455', '洛隆县', '282', null, null), ('2456', '边坝县', '282', null, null), ('2457', '乃东县', '283', null, null), ('2458', '扎囊县', '283', null, null), ('2459', '贡嘎县', '283', null, null), ('2460', '桑日县', '283', null, null), ('2461', '琼结县', '283', null, null), ('2462', '曲松县', '283', null, null), ('2463', '措美县', '283', null, null), ('2464', '洛扎县', '283', null, null), ('2465', '加查县', '283', null, null), ('2466', '隆子县', '283', null, null), ('2467', '错那县', '283', null, null), ('2468', '浪卡子县', '283', null, null), ('2469', '日喀则市', '284', null, null), ('2470', '南木林县', '284', null, null), ('2471', '江孜县', '284', null, null), ('2472', '定日县', '284', null, null), ('2473', '萨迦县', '284', null, null), ('2474', '拉孜县', '284', null, null), ('2475', '昂仁县', '284', null, null), ('2476', '谢通门县', '284', null, null), ('2477', '白朗县', '284', null, null), ('2478', '仁布县', '284', null, null), ('2479', '康马县', '284', null, null), ('2480', '定结县', '284', null, null), ('2481', '仲巴县', '284', null, null), ('2482', '亚东县', '284', null, null), ('2483', '吉隆县', '284', null, null), ('2484', '聂拉木县', '284', null, null), ('2485', '萨嘎县', '284', null, null), ('2486', '岗巴县', '284', null, null), ('2487', '那曲县', '285', null, null), ('2488', '嘉黎县', '285', null, null), ('2489', '比如县', '285', null, null), ('2490', '聂荣县', '285', null, null), ('2491', '安多县', '285', null, null), ('2492', '申扎县', '285', null, null), ('2493', '索县', '285', null, null), ('2494', '班戈县', '285', null, null), ('2495', '巴青县', '285', null, null), ('2496', '尼玛县', '285', null, null), ('2497', '普兰县', '286', null, null), ('2498', '札达县', '286', null, null), ('2499', '噶尔县', '286', null, null), ('2500', '日土县', '286', null, null), ('2501', '革吉县', '286', null, null), ('2502', '改则县', '286', null, null), ('2503', '措勤县', '286', null, null), ('2504', '林芝县', '287', null, null), ('2505', '工布江达县', '287', null, null), ('2506', '米林县', '287', null, null), ('2507', '墨脱县', '287', null, null), ('2508', '波密县', '287', null, null), ('2509', '察隅县', '287', null, null), ('2510', '朗县', '287', null, null), ('2511', '新城区', '288', null, null), ('2512', '碑林区', '288', null, null), ('2513', '莲湖区', '288', null, null), ('2514', '灞桥区', '288', null, null), ('2515', '未央区', '288', null, null), ('2516', '雁塔区', '288', null, null), ('2517', '阎良区', '288', null, null), ('2518', '临潼区', '288', null, null), ('2519', '长安区', '288', null, null), ('2520', '蓝田县', '288', null, null), ('2521', '周至县', '288', null, null), ('2522', '户县', '288', null, null), ('2523', '高陵县', '288', null, null), ('2524', '王益区', '289', null, null), ('2525', '印台区', '289', null, null), ('2526', '耀州区', '289', null, null), ('2527', '宜君县', '289', null, null), ('2528', '渭滨区', '290', null, null), ('2529', '金台区', '290', null, null), ('2530', '陈仓区', '290', null, null), ('2531', '凤翔县', '290', null, null), ('2532', '岐山县', '290', null, null), ('2533', '扶风县', '290', null, null), ('2534', '眉县', '290', null, null), ('2535', '陇县', '290', null, null), ('2536', '千阳县', '290', null, null), ('2537', '麟游县', '290', null, null), ('2538', '凤县', '290', null, null), ('2539', '太白县', '290', null, null), ('2540', '秦都区', '291', null, null), ('2541', '杨凌区', '291', null, null), ('2542', '渭城区', '291', null, null), ('2543', '三原县', '291', null, null), ('2544', '泾阳县', '291', null, null), ('2545', '乾县', '291', null, null), ('2546', '礼泉县', '291', null, null), ('2547', '永寿县', '291', null, null), ('2548', '彬县', '291', null, null), ('2549', '长武县', '291', null, null), ('2550', '旬邑县', '291', null, null), ('2551', '淳化县', '291', null, null), ('2552', '武功县', '291', null, null), ('2553', '兴平市', '291', null, null), ('2554', '临渭区', '292', null, null), ('2555', '华县', '292', null, null), ('2556', '潼关县', '292', null, null), ('2557', '大荔县', '292', null, null), ('2558', '合阳县', '292', null, null), ('2559', '澄城县', '292', null, null), ('2560', '蒲城县', '292', null, null), ('2561', '白水县', '292', null, null), ('2562', '富平县', '292', null, null), ('2563', '韩城市', '292', null, null), ('2564', '华阴市', '292', null, null), ('2565', '宝塔区', '293', null, null), ('2566', '延长县', '293', null, null), ('2567', '延川县', '293', null, null), ('2568', '子长县', '293', null, null), ('2569', '安塞县', '293', null, null), ('2570', '志丹县', '293', null, null), ('2571', '吴旗县', '293', null, null), ('2572', '甘泉县', '293', null, null), ('2573', '富县', '293', null, null), ('2574', '洛川县', '293', null, null), ('2575', '宜川县', '293', null, null), ('2576', '黄龙县', '293', null, null), ('2577', '黄陵县', '293', null, null), ('2578', '汉台区', '294', null, null), ('2579', '南郑县', '294', null, null), ('2580', '城固县', '294', null, null), ('2581', '洋县', '294', null, null), ('2582', '西乡县', '294', null, null), ('2583', '勉县', '294', null, null), ('2584', '宁强县', '294', null, null), ('2585', '略阳县', '294', null, null), ('2586', '镇巴县', '294', null, null), ('2587', '留坝县', '294', null, null), ('2588', '佛坪县', '294', null, null), ('2589', '榆阳区', '295', null, null), ('2590', '神木县', '295', null, null), ('2591', '府谷县', '295', null, null), ('2592', '横山县', '295', null, null), ('2593', '靖边县', '295', null, null), ('2594', '定边县', '295', null, null), ('2595', '绥德县', '295', null, null), ('2596', '米脂县', '295', null, null), ('2597', '佳县', '295', null, null), ('2598', '吴堡县', '295', null, null), ('2599', '清涧县', '295', null, null), ('2600', '子洲县', '295', null, null), ('2601', '汉滨区', '296', null, null), ('2602', '汉阴县', '296', null, null), ('2603', '石泉县', '296', null, null), ('2604', '宁陕县', '296', null, null), ('2605', '紫阳县', '296', null, null), ('2606', '岚皋县', '296', null, null), ('2607', '平利县', '296', null, null), ('2608', '镇坪县', '296', null, null), ('2609', '旬阳县', '296', null, null), ('2610', '白河县', '296', null, null), ('2611', '商州区', '297', null, null), ('2612', '洛南县', '297', null, null), ('2613', '丹凤县', '297', null, null), ('2614', '商南县', '297', null, null), ('2615', '山阳县', '297', null, null), ('2616', '镇安县', '297', null, null), ('2617', '柞水县', '297', null, null), ('2618', '城关区', '298', null, null), ('2619', '七里河区', '298', null, null), ('2620', '西固区', '298', null, null), ('2621', '安宁区', '298', null, null), ('2622', '红古区', '298', null, null), ('2623', '永登县', '298', null, null), ('2624', '皋兰县', '298', null, null), ('2625', '榆中县', '298', null, null), ('2626', '金川区', '300', null, null), ('2627', '永昌县', '300', null, null), ('2628', '白银区', '301', null, null), ('2629', '平川区', '301', null, null), ('2630', '靖远县', '301', null, null), ('2631', '会宁县', '301', null, null), ('2632', '景泰县', '301', null, null), ('2633', '秦城区', '302', null, null), ('2634', '北道区', '302', null, null), ('2635', '清水县', '302', null, null), ('2636', '秦安县', '302', null, null), ('2637', '甘谷县', '302', null, null), ('2638', '武山县', '302', null, null), ('2639', '张家川回族自治县', '302', null, null), ('2640', '凉州区', '303', null, null), ('2641', '民勤县', '303', null, null), ('2642', '古浪县', '303', null, null), ('2643', '天祝藏族自治县', '303', null, null), ('2644', '甘州区', '304', null, null), ('2645', '肃南裕固族自治县', '304', null, null), ('2646', '民乐县', '304', null, null), ('2647', '临泽县', '304', null, null), ('2648', '高台县', '304', null, null), ('2649', '山丹县', '304', null, null), ('2650', '崆峒区', '305', null, null), ('2651', '泾川县', '305', null, null), ('2652', '灵台县', '305', null, null), ('2653', '崇信县', '305', null, null), ('2654', '华亭县', '305', null, null), ('2655', '庄浪县', '305', null, null), ('2656', '静宁县', '305', null, null), ('2657', '肃州区', '306', null, null), ('2658', '金塔县', '306', null, null), ('2659', '安西县', '306', null, null), ('2660', '肃北蒙古族自治县', '306', null, null), ('2661', '阿克塞哈萨克族自治县', '306', null, null), ('2662', '玉门市', '306', null, null), ('2663', '敦煌市', '306', null, null), ('2664', '西峰区', '307', null, null), ('2665', '庆城县', '307', null, null), ('2666', '环县', '307', null, null), ('2667', '华池县', '307', null, null), ('2668', '合水县', '307', null, null), ('2669', '正宁县', '307', null, null), ('2670', '宁县', '307', null, null), ('2671', '镇原县', '307', null, null), ('2672', '安定区', '308', null, null), ('2673', '通渭县', '308', null, null), ('2674', '陇西县', '308', null, null), ('2675', '渭源县', '308', null, null), ('2676', '临洮县', '308', null, null), ('2677', '漳县', '308', null, null), ('2678', '岷县', '308', null, null), ('2679', '武都区', '309', null, null), ('2680', '成县', '309', null, null), ('2681', '文县', '309', null, null), ('2682', '宕昌县', '309', null, null), ('2683', '康县', '309', null, null), ('2684', '西和县', '309', null, null), ('2685', '礼县', '309', null, null), ('2686', '徽县', '309', null, null), ('2687', '两当县', '309', null, null), ('2688', '临夏市', '310', null, null), ('2689', '临夏县', '310', null, null), ('2690', '康乐县', '310', null, null), ('2691', '永靖县', '310', null, null), ('2692', '广河县', '310', null, null), ('2693', '和政县', '310', null, null), ('2694', '东乡族自治县', '310', null, null), ('2695', '积石山保安族东乡族撒拉族自治县', '310', null, null), ('2696', '合作市', '311', null, null), ('2697', '临潭县', '311', null, null), ('2698', '卓尼县', '311', null, null), ('2699', '舟曲县', '311', null, null), ('2700', '迭部县', '311', null, null), ('2701', '玛曲县', '311', null, null), ('2702', '碌曲县', '311', null, null), ('2703', '夏河县', '311', null, null), ('2704', '城东区', '312', null, null), ('2705', '城中区', '312', null, null), ('2706', '城西区', '312', null, null), ('2707', '城北区', '312', null, null), ('2708', '大通回族土族自治县', '312', null, null), ('2709', '湟中县', '312', null, null), ('2710', '湟源县', '312', null, null), ('2711', '平安县', '313', null, null), ('2712', '民和回族土族自治县', '313', null, null), ('2713', '乐都县', '313', null, null), ('2714', '互助土族自治县', '313', null, null), ('2715', '化隆回族自治县', '313', null, null), ('2716', '循化撒拉族自治县', '313', null, null), ('2717', '门源回族自治县', '314', null, null), ('2718', '祁连县', '314', null, null), ('2719', '海晏县', '314', null, null), ('2720', '刚察县', '314', null, null), ('2721', '同仁县', '315', null, null), ('2722', '尖扎县', '315', null, null), ('2723', '泽库县', '315', null, null), ('2724', '河南蒙古族自治县', '315', null, null), ('2725', '共和县', '316', null, null), ('2726', '同德县', '316', null, null), ('2727', '贵德县', '316', null, null), ('2728', '兴海县', '316', null, null), ('2729', '贵南县', '316', null, null), ('2730', '玛沁县', '317', null, null), ('2731', '班玛县', '317', null, null), ('2732', '甘德县', '317', null, null), ('2733', '达日县', '317', null, null), ('2734', '久治县', '317', null, null), ('2735', '玛多县', '317', null, null), ('2736', '玉树县', '318', null, null), ('2737', '杂多县', '318', null, null), ('2738', '称多县', '318', null, null), ('2739', '治多县', '318', null, null), ('2740', '囊谦县', '318', null, null), ('2741', '曲麻莱县', '318', null, null), ('2742', '格尔木市', '319', null, null), ('2743', '德令哈市', '319', null, null), ('2744', '乌兰县', '319', null, null), ('2745', '都兰县', '319', null, null), ('2746', '天峻县', '319', null, null), ('2747', '兴庆区', '320', null, null), ('2748', '西夏区', '320', null, null), ('2749', '金凤区', '320', null, null), ('2750', '永宁县', '320', null, null), ('2751', '贺兰县', '320', null, null), ('2752', '灵武市', '320', null, null), ('2753', '大武口区', '321', null, null), ('2754', '惠农区', '321', null, null), ('2755', '平罗县', '321', null, null), ('2756', '利通区', '322', null, null), ('2757', '盐池县', '322', null, null), ('2758', '同心县', '322', null, null), ('2759', '青铜峡市', '322', null, null), ('2760', '原州区', '323', null, null), ('2761', '西吉县', '323', null, null), ('2762', '隆德县', '323', null, null), ('2763', '泾源县', '323', null, null), ('2764', '彭阳县', '323', null, null), ('2765', '沙坡头区', '324', null, null), ('2766', '中宁县', '324', null, null), ('2767', '海原县', '324', null, null), ('2768', '天山区', '325', null, null), ('2769', '沙依巴克区', '325', null, null), ('2770', '新市区', '325', null, null), ('2771', '水磨沟区', '325', null, null), ('2772', '头屯河区', '325', null, null), ('2773', '达坂城区', '325', null, null), ('2774', '东山区', '325', null, null), ('2775', '乌鲁木齐县', '325', null, null), ('2776', '独山子区', '326', null, null), ('2777', '克拉玛依区', '326', null, null), ('2778', '白碱滩区', '326', null, null), ('2779', '乌尔禾区', '326', null, null), ('2780', '吐鲁番市', '327', null, null), ('2781', '鄯善县', '327', null, null), ('2782', '托克逊县', '327', null, null), ('2783', '哈密市', '328', null, null), ('2784', '巴里坤哈萨克自治县', '328', null, null), ('2785', '伊吾县', '328', null, null), ('2786', '昌吉市', '329', null, null), ('2787', '阜康市', '329', null, null), ('2788', '米泉市', '329', null, null), ('2789', '呼图壁县', '329', null, null), ('2790', '玛纳斯县', '329', null, null), ('2791', '奇台县', '329', null, null), ('2792', '吉木萨尔县', '329', null, null), ('2793', '木垒哈萨克自治县', '329', null, null), ('2794', '博乐市', '330', null, null), ('2795', '精河县', '330', null, null), ('2796', '温泉县', '330', null, null), ('2797', '库尔勒市', '331', null, null), ('2798', '轮台县', '331', null, null), ('2799', '尉犁县', '331', null, null), ('2800', '若羌县', '331', null, null), ('2801', '且末县', '331', null, null), ('2802', '焉耆回族自治县', '331', null, null), ('2803', '和静县', '331', null, null), ('2804', '和硕县', '331', null, null), ('2805', '博湖县', '331', null, null), ('2806', '阿克苏市', '332', null, null), ('2807', '温宿县', '332', null, null), ('2808', '库车县', '332', null, null), ('2809', '沙雅县', '332', null, null), ('2810', '新和县', '332', null, null), ('2811', '拜城县', '332', null, null), ('2812', '乌什县', '332', null, null), ('2813', '阿瓦提县', '332', null, null), ('2814', '柯坪县', '332', null, null), ('2815', '阿图什市', '333', null, null), ('2816', '阿克陶县', '333', null, null), ('2817', '阿合奇县', '333', null, null), ('2818', '乌恰县', '333', null, null), ('2819', '喀什市', '334', null, null), ('2820', '疏附县', '334', null, null), ('2821', '疏勒县', '334', null, null), ('2822', '英吉沙县', '334', null, null), ('2823', '泽普县', '334', null, null), ('2824', '莎车县', '334', null, null), ('2825', '叶城县', '334', null, null), ('2826', '麦盖提县', '334', null, null), ('2827', '岳普湖县', '334', null, null), ('2828', '伽师县', '334', null, null), ('2829', '巴楚县', '334', null, null), ('2830', '塔什库尔干塔吉克自治县', '334', null, null), ('2831', '和田市', '335', null, null), ('2832', '和田县', '335', null, null), ('2833', '墨玉县', '335', null, null), ('2834', '皮山县', '335', null, null), ('2835', '洛浦县', '335', null, null), ('2836', '策勒县', '335', null, null), ('2837', '于田县', '335', null, null), ('2838', '民丰县', '335', null, null), ('2839', '伊宁市', '336', null, null), ('2840', '奎屯市', '336', null, null), ('2841', '伊宁县', '336', null, null), ('2842', '察布查尔锡伯自治县', '336', null, null), ('2843', '霍城县', '336', null, null), ('2844', '巩留县', '336', null, null), ('2845', '新源县', '336', null, null), ('2846', '昭苏县', '336', null, null), ('2847', '特克斯县', '336', null, null), ('2848', '尼勒克县', '336', null, null), ('2849', '塔城市', '337', null, null), ('2850', '乌苏市', '337', null, null), ('2851', '额敏县', '337', null, null), ('2852', '沙湾县', '337', null, null), ('2853', '托里县', '337', null, null), ('2854', '裕民县', '337', null, null), ('2855', '和布克赛尔蒙古自治县', '337', null, null), ('2856', '阿勒泰市', '338', null, null), ('2857', '布尔津县', '338', null, null), ('2858', '富蕴县', '338', null, null), ('2859', '福海县', '338', null, null), ('2860', '哈巴河县', '338', null, null), ('2861', '青河县', '338', null, null), ('2862', '吉木乃县', '338', null, null), ('2863', '台湾省', '345', null, null), ('2864', '澳门特别行政区', '344', null, null), ('2865', '香港特别行政区', '343', null, null);
COMMIT;

-- ----------------------------
--  Table structure for `tbl_s_province`
-- ----------------------------
DROP TABLE IF EXISTS `tbl_s_province`;
CREATE TABLE `tbl_s_province` (
  `ProvinceID` bigint(20) NOT NULL,
  `ProvinceName` varchar(50) DEFAULT NULL,
  `DateCreated` datetime DEFAULT NULL,
  `DateUpdated` datetime DEFAULT NULL,
  PRIMARY KEY (`ProvinceID`)
) ENGINE=MyISAM DEFAULT CHARSET=utf8 COMMENT='省';

-- ----------------------------
--  Records of `tbl_s_province`
-- ----------------------------
BEGIN;
INSERT INTO `tbl_s_province` VALUES ('1', '北京市', null, null), ('2', '天津市', null, null), ('3', '河北省', null, null), ('4', '山西省', null, null), ('5', '内蒙古自治区', null, null), ('6', '辽宁省', null, null), ('7', '吉林省', null, null), ('8', '黑龙江省', null, null), ('9', '上海市', null, null), ('10', '江苏省', null, null), ('11', '浙江省', null, null), ('12', '安徽省', null, null), ('13', '福建省', null, null), ('14', '江西省', null, null), ('15', '山东省', null, null), ('16', '河南省', null, null), ('17', '湖北省', null, null), ('18', '湖南省', null, null), ('19', '广东省', null, null), ('20', '广西壮族自治区', null, null), ('21', '海南省', null, null), ('22', '重庆市', null, null), ('23', '四川省', null, null), ('24', '贵州省', null, null), ('25', '云南省', null, null), ('26', '西藏自治区', null, null), ('27', '陕西省', null, null), ('28', '甘肃省', null, null), ('29', '青海省', null, null), ('30', '宁夏回族自治区', null, null), ('31', '新疆维吾尔自治区', null, null), ('32', '香港特别行政区', null, null), ('33', '澳门特别行政区', null, null), ('34', '台湾省', null, null);
COMMIT;

-- ----------------------------
--  Table structure for `tbl_text_msg`
-- ----------------------------
DROP TABLE IF EXISTS `tbl_text_msg`;
CREATE TABLE `tbl_text_msg` (
  `id` bigint(255) NOT NULL AUTO_INCREMENT,
  `msgId` bigint(64) NOT NULL COMMENT '消息id，64位整型',
  `msgType` varchar(10) NOT NULL COMMENT '消息类型text 文本',
  `toUserName` varchar(64) NOT NULL COMMENT '开发者微信号',
  `fromUserName` varchar(266) NOT NULL COMMENT '发送方帐号（一个OpenID）',
  `content` varchar(255) NOT NULL COMMENT '文本消息内容\n文本消息内容\n文本消息内容\n文本消息内容\n文本消息内容',
  `createTime` bigint(20) NOT NULL COMMENT '消息创建时间 （整型）',
  PRIMARY KEY (`id`)
) ENGINE=InnoDB DEFAULT CHARSET=utf8mb4 COMMENT='微信|文本消息记录';

SET FOREIGN_KEY_CHECKS = 1;
